n,setor,subsecao,afirmacao,score,interview,ts,dim,dim_nome,maturity,confidence,termos,paraphrase,decisao,ancora_substituta,nota,orfa
1,Setor Público,"3.1.1. Política Climática: incorporação, riscos e desafios","Estágio de Incorporação: A maioria dos entrevistados concorda que Maringá está em um estágio inicial de incorporação da pauta. Há avanços no discurso e na concepção, mas a execução formal ainda é limitada. A gestão atual, no entanto, tem demonstrado um interesse crescente e focado.",0.238,ENT-015,00:06:00,1.1.1,Estratégia de mitigação com metas claras,em_elaboracao,alta,concepcao|estagio|execucao|inicial|maringa,"Autoavaliação da liderança do Executivo, separando concepção de execução. É a formulação mais precisa do corpus sobre a maturidade de Maringá e reconcilia as leituras divergentes de ENT-008 («muito acima da média») e ENT-004 («estágio inicial»): a cidade está adiantada no que pensou e atrasada no que fez.",,,,
1,Setor Público,"3.1.1. Política Climática: incorporação, riscos e desafios","Estágio de Incorporação: A maioria dos entrevistados concorda que Maringá está em um estágio inicial de incorporação da pauta. Há avanços no discurso e na concepção, mas a execução formal ainda é limitada. A gestão atual, no entanto, tem demonstrado um interesse crescente e focado.",0.19,ENT-001-ENT-002,00:14:25,1.1.1,Estratégia de mitigação com metas claras,em_elaboracao,alta,atual|incorporacao|inicial|pauta,"A incorporação da pauta climática é descrita como inicial e atribuída à entrada da atual liderança do Executivo, não a um instrumento de política. Não há referência a plano, lei ou programa climático anterior — a agenda existe como orientação de gabinete.",,,,
1,Setor Público,"3.1.1. Política Climática: incorporação, riscos e desafios","Estágio de Incorporação: A maioria dos entrevistados concorda que Maringá está em um estágio inicial de incorporação da pauta. Há avanços no discurso e na concepção, mas a execução formal ainda é limitada. A gestão atual, no entanto, tem demonstrado um interesse crescente e focado.",0.143,ENT-003,00:26:49,3.2.1,Parcerias com universidades e centros de pesquisa,em_implementacao,alta,formal|gestao|maringa,"DIVERGÊNCIA RELEVANTE. Há fluxo real e produtivo de dados técnico-científicos, inclusive dados meteorológicos primários, porém SEM instrumento formal de parceria. A condição habilitante funciona de fato e não existe de direito: risco de descontinuidade a cada troca de gestão ou de contrato.",,,,
3,Setor Público,"3.1.1. Política Climática: incorporação, riscos e desafios","Quedas de árvores e danos à fiação: Devido à alta arborização, que é uma vulnerabilidade democrática, afetando todas as classes sociais.",0.167,ENT-004,00:17:20,4.2.1,Participação pública na agenda climática,em_elaboracao,alta,classes|vulnerabilidade,"LACUNA COM RECORTE DISTRIBUTIVO. O único instrumento econômico-climático do município tem alcance informacional desigual, e o próprio servidor identifica as classes vulneráveis como as menos informadas. O incentivo tende a ser capturado por quem já tem acesso à informação e capacidade de investir.",,,,
3,Setor Público,"3.1.1. Política Climática: incorporação, riscos e desafios","Quedas de árvores e danos à fiação: Devido à alta arborização, que é uma vulnerabilidade democrática, afetando todas as classes sociais.",0.167,ENT-013,00:17:08,4.1.1,Coordenação com Governo do Paraná/SEDEST,em_implementacao,alta,alta|danos,"ACHADO. Existe estrutura permanente de articulação com o Estado por núcleo regional, com acionamento conjunto em calamidade. É a coordenação vertical mais consolidada identificada no corpus — e a única que já opera em base territorial regional. Dimensão «Muito alta».",,,,
3,Setor Público,"3.1.1. Política Climática: incorporação, riscos e desafios","Quedas de árvores e danos à fiação: Devido à alta arborização, que é uma vulnerabilidade democrática, afetando todas as classes sociais.",0.167,ENT-013,00:18:55,3.2.4,Dados socioeconômicos e territoriais para adaptação inclusiva,em_elaboracao,alta,alta|vulnerabilidade,ACHADO DECISIVO. Está em curso o cruzamento entre áreas de risco e cadastro socioassistencial — exatamente o dado de sensibilidade que a consultoria do plano climático (ENT-010-ENT-011) declarou não conseguir obter e estar substituindo por proxy. O dado está sendo construído em uma secretaria e a equipe que elabora o plano de adaptação não sabe disso. É a demonstração mais concreta do custo da falta de governança de dados. Dimensão «Muito alta».,,,,
4,Setor Público,"3.1.1. Política Climática: incorporação, riscos e desafios",Alagamentos e Drenagem: A infraestrutura de drenagem existente está sobrecarregada pela impermeabilização do solo e chuvas mais intensas.,0.444,ENT-015,00:24:19,2.4.2,"PPPs/concessões verdes para resíduos, mobilidade e infraestrutura",em_elaboracao,alta,drenagem|impermeabilizacao|infraestrutura|solo,"DESENHO DE INCENTIVO ALINHADO. Flexibilização da exigência de drenagem permitindo solução baseada na natureza que valoriza o empreendimento — o terreno de fundo de vale, historicamente o mais barato, passa a ser o mais valorizado. Alinha interesse privado e redução de risco sem subsídio público, e responde à impermeabilização apontada em ENT-006, ENT-007 e ENT-012.",,,,
4,Setor Público,"3.1.1. Política Climática: incorporação, riscos e desafios",Alagamentos e Drenagem: A infraestrutura de drenagem existente está sobrecarregada pela impermeabilização do solo e chuvas mais intensas.,0.333,ENT-001-ENT-002,00:17:58,1.1.5,Avaliação de riscos e vulnerabilidades climáticas,em_elaboracao,baixa,alagamentos|drenagem|infraestrutura,"O risco climático é lido por recorrência de ocorrência — vento, chuva, queda de árvore, alagamento — e não por avaliação estruturada. O participante remete explicitamente a avaliação técnica às secretarias de infraestrutura e à Defesa Civil, o que limita a confiança desta evidência sobre a existência do instrumento.",,,,
4,Setor Público,"3.1.1. Política Climática: incorporação, riscos e desafios",Alagamentos e Drenagem: A infraestrutura de drenagem existente está sobrecarregada pela impermeabilização do solo e chuvas mais intensas.,0.333,ENT-004,00:14:14,1.1.5,Avaliação de riscos e vulnerabilidades climáticas,em_implementacao,alta,chuvas|drenagem|intensas,"Evidência de campo sobre o risco prioritário: a área operacional constata aumento de intensidade e concentração das chuvas e o efeito sobre a rede de drenagem. Converge com a identificação de alagamento e erosão como riscos prioritários em ENT-003, mas aqui por observação operacional, não por estudo.",,,,
5,Setor Público,"3.1.1. Política Climática: incorporação, riscos e desafios","Erosão: Processos erosivos em fundos de vale e ""boçorocas"" ameaçam a infraestrutura urbana.",0.333,ENT-008,00:22:43,1.1.5,Avaliação de riscos e vulnerabilidades climáticas,em_implementacao,alta,erosao|urbana|vale,"Leitura oficial do perfil de risco: erosão como vetor principal e alagamento pontual e mapeado, sustentados pela ausência de ocupação em fundo de vale e de relevo acidentado. Delimita o risco a partir da estrutura urbana — e será contestado por outras sessões, que registram ocupação irregular de fundo de vale.",,,,
5,Setor Público,"3.1.1. Política Climática: incorporação, riscos e desafios","Erosão: Processos erosivos em fundos de vale e ""boçorocas"" ameaçam a infraestrutura urbana.",0.333,ENT-015,00:07:34,1.1.5,Avaliação de riscos e vulnerabilidades climáticas,em_implementacao,alta,erosao|fundos|vale,"Hierarquia oficial de risco em três níveis: vento sobre a arborização, alagamento e erosão em fundo de vale. Converge com todas as demais sessões quanto ao primeiro item — sexta confirmação de que a arborização é a vulnerabilidade central de Maringá.",,,,
5,Setor Público,"3.1.1. Política Climática: incorporação, riscos e desafios","Erosão: Processos erosivos em fundos de vale e ""boçorocas"" ameaçam a infraestrutura urbana.",0.333,ENT-015,00:29:03,2.1.3,Acesso a fundos climáticos internacionais,inexistente,alta,fundos|infraestrutura|urbana,"POSIÇÃO DIVERGENTE DA PREMISSA DO PROJETO. A liderança do Executivo avalia como improvável a captação internacional para infraestrutura urbana no Brasil, por razões de justiça climática e de competição global. Converge com a crítica de ENT-008 aos editais e reorienta o plano de ação: se a leitura estiver correta, o esforço deve concentrar-se em receita própria, crédito interno e recurso privado, não em fundos internacionais. Divergência preservada.",,,,
6,Setor Público,"3.1.1. Política Climática: incorporação, riscos e desafios",Abastecimento de Água: O Rio Pirapó é vulnerável a secas e inundações que afetam a captação de água.,0.125,ENT-001-ENT-002,00:15:36,2.1.2,Fontes estaduais/federais para ação climática urbana,em_implementacao,alta,captacao,"Monitoramento ativo e rotinizado de fontes federais, com filtro temático ambiental já incorporado à rotina de captação. É a condição habilitante mais consolidada que a entrevista revela — e ela é de processo, não de política.",,,,
6,Setor Público,"3.1.1. Política Climática: incorporação, riscos e desafios",Abastecimento de Água: O Rio Pirapó é vulnerável a secas e inundações que afetam a captação de água.,0.125,ENT-001-ENT-002,00:48:14,2.1.3,Acesso a fundos climáticos internacionais,inexistente,alta,captacao,"Nenhuma captação internacional em dezessete anos, e o único precedente — uma operação com banco multilateral — não deixou capacidade instalada: perdeu-se com a saída da equipe. É a mesma falha de institucionalização observada em ENT-003 na parceria científica: a condição existiu na prática e não sobreviveu à troca de pessoas.",,,,
6,Setor Público,"3.1.1. Política Climática: incorporação, riscos e desafios",Abastecimento de Água: O Rio Pirapó é vulnerável a secas e inundações que afetam a captação de água.,0.125,ENT-001-ENT-002,00:27:47,2.1.4,Capacidade de preparar projetos para financiamento,inexistente,alta,captacao,"Ausência declarada de carteira de projetos. A captação é feita sobre estimativas, não sobre projeto executivo — o que compromete tanto o valor pleiteado quanto o prazo de execução.",,,,
7,Setor Público,"3.1.1. Política Climática: incorporação, riscos e desafios","Desafios Culturais e Técnicos: As principais barreiras são a falta de consciência e educação ambiental da população e da máquina pública, a falta de servidores qualificados e a morosidade e burocracia dos processos licitatórios.",0.294,ENT-012,00:52:47,4.2.1,Participação pública na agenda climática,inexistente,alta,ambiental|educacao|populacao|publica|tecnicos,"BARREIRA NÚMERO UM, SEGUNDO O LEGISLATIVO, COM SUA PRÓPRIA EXPLICAÇÃO. A formação é apontada como condição habilitante primeira, e imediatamente qualificada pelo desalinhamento entre o horizonte do resultado e o do mandato. Converge literalmente com ENT-009 («não dá voto») e nomeia por que a prevenção perde na disputa orçamentária. SESSÃO SEM TCLE.",,,,
7,Setor Público,"3.1.1. Política Climática: incorporação, riscos e desafios","Desafios Culturais e Técnicos: As principais barreiras são a falta de consciência e educação ambiental da população e da máquina pública, a falta de servidores qualificados e a morosidade e burocracia dos processos licitatórios.",0.176,ENT-001-ENT-002,00:26:51,4.2.2,Engajamento do setor privado,inexistente,media,licitatorios|processos|publica,"O mercado local de execução ainda não está formado para obra de baixo carbono. A restrição está do lado da oferta, não só da demanda pública — o que significa que exigir critério verde em licitação, isoladamente, pode esvaziar certames.",,,,
7,Setor Público,"3.1.1. Política Climática: incorporação, riscos e desafios","Desafios Culturais e Técnicos: As principais barreiras são a falta de consciência e educação ambiental da população e da máquina pública, a falta de servidores qualificados e a morosidade e burocracia dos processos licitatórios.",0.176,ENT-003,00:42:14,1.2.2,Capacidade institucional para executar ações climáticas,em_implementacao,alta,barreiras|qualificados|servidores,"LACUNA PRINCIPAL declarada pelo participante como barreira número um, de forma espontânea e sem hesitação. Capacidade institucional insuficiente é o gargalo que limita simultaneamente preparação de projetos, captação e ampliação de instrumentos existentes.",,,,
8,Setor Público,"3.1.2. Finanças: orçamento, financiamento e captação de recursos","Orçamento Transversal e Não Segregado: O orçamento para a pauta climática é transversal, distribuído entre secretarias, sem uma rubrica específica. A priorização de recursos segue a lógica de obras em andamento ou com recursos já garantidos, não havendo uma destinação exclusiva para o clima.",0.35,ENT-001-ENT-002,00:25:45,2.2.1,Orçamento verde / climate budget tagging,inexistente,alta,clima|climatica|destinacao|especifica|obras|orcamento|rubrica,"Relato direto de dentro do ciclo de elaboração do orçamento de 2027: não há marcação climática, rubrica dedicada nem discussão específica de destinação. É a primeira evidência do corpus sobre orçamento verde — e ela é negativa, vinda de quem estava na reunião.",,,,
8,Setor Público,"3.1.2. Finanças: orçamento, financiamento e captação de recursos","Orçamento Transversal e Não Segregado: O orçamento para a pauta climática é transversal, distribuído entre secretarias, sem uma rubrica específica. A priorização de recursos segue a lógica de obras em andamento ou com recursos já garantidos, não havendo uma destinação exclusiva para o clima.",0.3,ENT-015,00:17:05,2.2.1,Orçamento verde / climate budget tagging,inexistente,alta,climatica|distribuido|especifica|orcamento|priorizacao|transversal,"EVIDÊNCIA DEFINITIVA DA DIMENSÃO. Não há unidade orçamentária nem marcação climática; o gasto existe, está distribuído em três pastas e é identificável apenas por conhecimento pessoal de quem dirige. Confirma a resposta «nenhuma» de ENT-012 e reconcilia a divergência com ENT-013: há priorização, não há rastreabilidade. Dimensão «Muito alta».",,,,
8,Setor Público,"3.1.2. Finanças: orçamento, financiamento e captação de recursos","Orçamento Transversal e Não Segregado: O orçamento para a pauta climática é transversal, distribuído entre secretarias, sem uma rubrica específica. A priorização de recursos segue a lógica de obras em andamento ou com recursos já garantidos, não havendo uma destinação exclusiva para o clima.",0.2,ENT-004,00:45:32,2.1.1,Fontes públicas municipais para ação climática urbana,em_implementacao,alta,climatica|orcamento|recursos|rubrica,"O financiamento da infraestrutura urbana — inclusive das intervenções com efeito adaptativo — vem de fonte livre do tesouro municipal. Não há fonte carimbada para a agenda climática na maior pasta executora, o que repete o padrão de ENT-003 (projeto climático custeado por rubrica ordinária).",,,,
9,Setor Público,"3.1.2. Finanças: orçamento, financiamento e captação de recursos","Capacidade de Endividamento e Financiamentos: O município tem capacidade de endividamento, mas a execução de financiamentos (ex: Banco do Brasil) é prejudicada pela falta de projetos de engenharia prontos (""na gaveta""). Este é apontado como o principal gargalo, levando à perda de prazos e oportunidades em editais.",0.25,ENT-001-ENT-002,00:29:37,2.1.4,Capacidade de preparar projetos para financiamento,inexistente,alta,capacidade|execucao|municipio|projetos|prontos,"Três perdas documentadas de janela por imaturidade de projeto, uma delas com convênio assinado há três anos e recurso garantido. A capacidade de preparação é a restrição que converte oportunidade em passivo — e é ela, não a disponibilidade de fonte, que determina o que o município consegue executar.",,,,
9,Setor Público,"3.1.2. Finanças: orçamento, financiamento e captação de recursos","Capacidade de Endividamento e Financiamentos: O município tem capacidade de endividamento, mas a execução de financiamentos (ex: Banco do Brasil) é prejudicada pela falta de projetos de engenharia prontos (""na gaveta""). Este é apontado como o principal gargalo, levando à perda de prazos e oportunidades em editais.",0.25,ENT-001-ENT-002,00:32:07,2.5.2,Histórico de operações de crédito para infraestrutura climática,em_implementacao,alta,banco|brasil|capacidade|execucao|projetos,"Há histórico de operação de crédito, mas contratado sem projeto: oito anos de contrato vivo, tarifa anual de renovação e custo de obra corrigido antes da execução. O histórico de crédito, isoladamente, não indica capacidade de investimento.",,,,
9,Setor Público,"3.1.2. Finanças: orçamento, financiamento e captação de recursos","Capacidade de Endividamento e Financiamentos: O município tem capacidade de endividamento, mas a execução de financiamentos (ex: Banco do Brasil) é prejudicada pela falta de projetos de engenharia prontos (""na gaveta""). Este é apontado como o principal gargalo, levando à perda de prazos e oportunidades em editais.",0.2,ENT-001-ENT-002,00:27:47,2.1.4,Capacidade de preparar projetos para financiamento,inexistente,alta,banco|capacidade|execucao|projetos,"Ausência declarada de carteira de projetos. A captação é feita sobre estimativas, não sobre projeto executivo — o que compromete tanto o valor pleiteado quanto o prazo de execução.",,,,
10,Setor Público,"3.1.2. Finanças: orçamento, financiamento e captação de recursos","Esforços e Mecanismos de Captação: A prefeitura busca recursos via Transfer GOV, estuda parcerias público-privadas e concessões, e explora recursos internacionais via plataforma Exitos. No entanto, a falta de uma equipe técnica dedicada à captação é um grande limitador. A criação de um ""Núcleo de Captação"" é defendida como solução.",0.16,ENT-001-ENT-002,00:48:14,2.1.3,Acesso a fundos climáticos internacionais,inexistente,alta,captacao|equipe|internacionais|recursos,"Nenhuma captação internacional em dezessete anos, e o único precedente — uma operação com banco multilateral — não deixou capacidade instalada: perdeu-se com a saída da equipe. É a mesma falha de institucionalização observada em ENT-003 na parceria científica: a condição existiu na prática e não sobreviveu à troca de pessoas.",,,,
10,Setor Público,"3.1.2. Finanças: orçamento, financiamento e captação de recursos","Esforços e Mecanismos de Captação: A prefeitura busca recursos via Transfer GOV, estuda parcerias público-privadas e concessões, e explora recursos internacionais via plataforma Exitos. No entanto, a falta de uma equipe técnica dedicada à captação é um grande limitador. A criação de um ""Núcleo de Captação"" é defendida como solução.",0.16,ENT-001-ENT-002,00:33:13,2.4.2,"PPPs/concessões verdes para resíduos, mobilidade e infraestrutura",em_elaboracao,media,concessoes|parcerias|privadas|publico,"PPPs e concessões estão em exploração inicial, atribuídas a uma pessoa no instituto de planejamento e a uma intenção da liderança. Não há modelagem, PMI ou chamamento em curso — o instrumento está no campo da ideia.",,,,
10,Setor Público,"3.1.2. Finanças: orçamento, financiamento e captação de recursos","Esforços e Mecanismos de Captação: A prefeitura busca recursos via Transfer GOV, estuda parcerias público-privadas e concessões, e explora recursos internacionais via plataforma Exitos. No entanto, a falta de uma equipe técnica dedicada à captação é um grande limitador. A criação de um ""Núcleo de Captação"" é defendida como solução.",0.16,ENT-003,00:40:49,2.1.4,Capacidade de preparar projetos para financiamento,inexistente,alta,busca|captacao|dedicada|recursos,"LACUNA ESTRUTURAL. Não existe unidade dedicada à estruturação de projetos e captação; a busca de recursos é reativa, personalizada na chefia e oportunista (inscrição em prêmios quando surgem). Dimensão com prioridade «Muito alta» e classificada pelo Produto 2 como ponto crucial da avaliação.",,,,
11,Setor Público,"3.1.2. Finanças: orçamento, financiamento e captação de recursos","Incentivos Fiscais: O ""IPTU Verde"" existe, mas é pouco divulgado, restrito a residências e passa por reestruturação. Sugere-se a criação de um ""IPTU Verde Empresarial"" como ferramenta de financiamento.",0.286,ENT-012,00:44:36,2.4.1,Mobilização de investimento privado em infraestrutura climática,inexistente,alta,empresarial|financiamento|iptu|verde,"ACHADO ESTRUTURANTE. Desenho de instrumento que converte renúncia futura de IPTU em investimento privado antecipado em infraestrutura climática, capturando o diferencial de custo de execução privada. É financiamento antecipado com contrapartida em obra — e responde diretamente à crítica que o próprio participante faz ao IPTU Verde atual. Converge com a proposta de compensação por intervenção de ENT-004 e merece exame jurídico-fiscal no Roadmap. SESSÃO SEM TCLE.",,,,
11,Setor Público,"3.1.2. Finanças: orçamento, financiamento e captação de recursos","Incentivos Fiscais: O ""IPTU Verde"" existe, mas é pouco divulgado, restrito a residências e passa por reestruturação. Sugere-se a criação de um ""IPTU Verde Empresarial"" como ferramenta de financiamento.",0.214,ENT-015,00:18:24,2.4.1,Mobilização de investimento privado em infraestrutura climática,regulamentado,alta,empresarial|iptu|verde,"ACHADO ESTRUTURANTE, JÁ EM VIGOR. Conversão de outorga onerosa em obra climática executada pelo empreendedor, com parte da legislação já aprovada. Responde exatamente à proposta espontânea de ENT-004 («receber intervenções em vez de dinheiro») e ao IPTU Verde empresarial de ENT-012 — três formulações independentes do mesmo mecanismo, e esta já é lei. É a condição habilitante mais avançada identificada em Maringá.",,,,
11,Setor Público,"3.1.2. Finanças: orçamento, financiamento e captação de recursos","Incentivos Fiscais: O ""IPTU Verde"" existe, mas é pouco divulgado, restrito a residências e passa por reestruturação. Sugere-se a criação de um ""IPTU Verde Empresarial"" como ferramenta de financiamento.",0.143,ENT-001-ENT-002,00:33:13,2.3.1,Mobilização de receitas próprias para clima,regulamentado,alta,iptu|verde,"Divergência com ENT-003, que descreve o IPTU Verde como regulamentado, com fila de pedidos e proposta de ampliação pronta. O conflito não é sobre a existência do instrumento, e sim sobre seu alcance: um servidor da administração central, que lida diariamente com captação, não sabe como ele funciona. O instrumento de receita própria mais relevante da agenda climática municipal não circula fora do órgão ambiental — o que qualifica a barreira administrativa relatada em ENT-003 como sendo também de difusão interna.",,,,
12,Setor Público,"3.1.2. Finanças: orçamento, financiamento e captação de recursos","Resistência e Viabilidade: Há resistência do setor financeiro da prefeitura em ""carimbar"" recursos. A captação de fundos internacionais para infraestrutura urbana é vista com ceticismo devido às obrigações de mitigação do Brasil, sendo defendido a necessidade de uma taxa de drenagem como fonte de receita, mas com sua aprovação politicamente inviável.",0.286,ENT-015,00:29:03,2.1.3,Acesso a fundos climáticos internacionais,inexistente,alta,brasil|captacao|fundos|infraestrutura|internacionais|receita|recursos|urbana,"POSIÇÃO DIVERGENTE DA PREMISSA DO PROJETO. A liderança do Executivo avalia como improvável a captação internacional para infraestrutura urbana no Brasil, por razões de justiça climática e de competição global. Converge com a crítica de ENT-008 aos editais e reorienta o plano de ação: se a leitura estiver correta, o esforço deve concentrar-se em receita própria, crédito interno e recurso privado, não em fundos internacionais. Divergência preservada.",,,,
12,Setor Público,"3.1.2. Finanças: orçamento, financiamento e captação de recursos","Resistência e Viabilidade: Há resistência do setor financeiro da prefeitura em ""carimbar"" recursos. A captação de fundos internacionais para infraestrutura urbana é vista com ceticismo devido às obrigações de mitigação do Brasil, sendo defendido a necessidade de uma taxa de drenagem como fonte de receita, mas com sua aprovação politicamente inviável.",0.214,ENT-015,00:18:24,2.1.5,Estratégia financeira para adaptação e resiliência,em_elaboracao,alta,drenagem|financeiro|fonte|infraestrutura|receita|sendo,"DIAGNÓSTICO FINANCEIRO PRECISO. A drenagem é o único componente da infraestrutura de saneamento sem receita vinculada, e por isso depende de financiamento. Define a estratégia financeira de adaptação de Maringá e converge com a preferência por operação de crédito de porte manifestada em ENT-008. Dimensão «Muito alta».",,,,
12,Setor Público,"3.1.2. Finanças: orçamento, financiamento e captação de recursos","Resistência e Viabilidade: Há resistência do setor financeiro da prefeitura em ""carimbar"" recursos. A captação de fundos internacionais para infraestrutura urbana é vista com ceticismo devido às obrigações de mitigação do Brasil, sendo defendido a necessidade de uma taxa de drenagem como fonte de receita, mas com sua aprovação politicamente inviável.",0.179,ENT-001-ENT-002,00:47:13,2.1.5,Estratégia financeira para adaptação e resiliência,em_elaboracao,alta,captacao|prefeitura|recursos|sendo|setor,"Não existe unidade de captação: a função está sendo montada informalmente dentro da secretaria de governo, apoiada em uma pessoa com dois meses de casa. Converge com ENT-003, que registrou a mesma ausência a partir do órgão ambiental — a lacuna é da estrutura, não de um órgão.",,,,
13,Setor Público,"3.1.3. Dados, Monitoramento e Planejamento","Lacuna de Dados Integrados: A falta de um sistema centralizado e integrado de dados é um gargalo crítico. As informações estão dispersas, muitas vezes em estudos acadêmicos, e o conhecimento técnico sobre infraestrutura é, em grande parte, empírico, obtido por profissionais que vão a campo.",0.261,ENT-003,00:19:17,3.2.5,Integração dos dados em planejamento e projetos financiáveis,em_implementacao,alta,dados|gargalo|lacuna|muitas|tecnico|vezes,LACUNA DE CONVERSÃO. O gargalo não está no diagnóstico do risco (que existe há tempo) mas na tradução do dado em solução técnica e economicamente viável. É precisamente a fronteira entre o eixo Dados e o eixo Finanças: dado sem capacidade de engenharia não gera projeto financiável.,,,,
13,Setor Público,"3.1.3. Dados, Monitoramento e Planejamento","Lacuna de Dados Integrados: A falta de um sistema centralizado e integrado de dados é um gargalo crítico. As informações estão dispersas, muitas vezes em estudos acadêmicos, e o conhecimento técnico sobre infraestrutura é, em grande parte, empírico, obtido por profissionais que vão a campo.",0.217,ENT-013,00:23:04,3.1.1,Sistema municipal de dados climáticos e territoriais,inexistente,alta,dados|informacoes|integrado|lacuna|sistema,"A lacuna de sistema integrado é apresentada como padrão nacional das defesas civis municipais, e não como falha local. Reposiciona a recomendação: Maringá pode se posicionar como referência ao resolvê-la, o que dialoga com o capital reputacional apontado em ENT-005, ENT-007 e ENT-012.",,,,
13,Setor Público,"3.1.3. Dados, Monitoramento e Planejamento","Lacuna de Dados Integrados: A falta de um sistema centralizado e integrado de dados é um gargalo crítico. As informações estão dispersas, muitas vezes em estudos acadêmicos, e o conhecimento técnico sobre infraestrutura é, em grande parte, empírico, obtido por profissionais que vão a campo.",0.217,ENT-008,00:30:37,3.1.1,Sistema municipal de dados climáticos e territoriais,em_implementacao,alta,dados|lacuna|muitas|sistema|vezes,"Existe portal geoespacial municipal com camadas utilizáveis em escala de planejamento e insuficientes em escala de intervenção. Qualifica a lacuna registrada em ENT-004: o problema não é ausência de sistema, é resolução — e é justamente na escala da rua que o projeto de drenagem se define.",,,,
14,Setor Público,"3.1.3. Dados, Monitoramento e Planejamento","Esforços em Andamento: A prefeitura está realizando investimentos significativos para superar essa lacuna, incluindo:",0.333,ENT-013,00:22:00,3.1.1,Sistema municipal de dados climáticos e territoriais,em_elaboracao,alta,andamento|lacuna|prefeitura,"LACUNA CONFIRMADA, COM TRABALHO EM ANDAMENTO. Não existe base compartilhada de áreas de risco na prefeitura, e há desenvolvimento em curso com a área de tecnologia. Converge com ENT-004, ENT-008 e ENT-010-ENT-011 — e mostra que a construção começou. Dimensão «Muito alta».",,,,
14,Setor Público,"3.1.3. Dados, Monitoramento e Planejamento","Esforços em Andamento: A prefeitura está realizando investimentos significativos para superar essa lacuna, incluindo:",0.222,ENT-001-ENT-002,00:47:13,2.1.5,Estratégia financeira para adaptação e resiliência,em_elaboracao,alta,lacuna|prefeitura,"Não existe unidade de captação: a função está sendo montada informalmente dentro da secretaria de governo, apoiada em uma pessoa com dois meses de casa. Converge com ENT-003, que registrou a mesma ausência a partir do órgão ambiental — a lacuna é da estrutura, não de um órgão.",,,,
14,Setor Público,"3.1.3. Dados, Monitoramento e Planejamento","Esforços em Andamento: A prefeitura está realizando investimentos significativos para superar essa lacuna, incluindo:",0.222,ENT-001-ENT-002,00:43:26,2.3.4,Sustentabilidade fiscal para investimentos climáticos recorrentes,inexistente,alta,andamento|investimentos,Caso extremo do mecanismo anterior: uma contrapartida que era zero chegou a treze milhões por decurso de prazo. Quantifica o custo fiscal da imaturidade de projeto e mostra que ele não é hipotético nem marginal.,,,,
15,Setor Público,"3.1.3. Dados, Monitoramento e Planejamento","Contrato com a UNILIVRE: Desenvolvimento de um projeto estratégico para diagnosticar vulnerabilidades, cruzar dados e criar um plano de enfrentamento às mudanças climáticas.",0.571,ENT-003,00:12:51,1.1.4,Estratégia de adaptação com metas claras,em_elaboracao,alta,climaticas|contrato|enfrentamento|estrategico|mudancas|plano|projeto|unilivre,"A estratégia municipal de adaptação está terceirizada em um contrato de consultoria de 18 meses com ICT externa, com três metas e entrega de um «projeto estratégico de enfrentamento às mudanças climáticas». Não existe ainda instrumento próprio de adaptação com metas formalizadas: a condição habilitante depende da entrega do contrato.",,,,
15,Setor Público,"3.1.3. Dados, Monitoramento e Planejamento","Contrato com a UNILIVRE: Desenvolvimento de um projeto estratégico para diagnosticar vulnerabilidades, cruzar dados e criar um plano de enfrentamento às mudanças climáticas.",0.357,ENT-008,00:22:43,1.1.4,Estratégia de adaptação com metas claras,em_elaboracao,alta,climaticas|contrato|enfrentamento|mudancas|plano,"Confirmação, no nível de direção, de que o instrumento de adaptação do município é objeto de contrato em execução. Converge com ENT-003 e ENT-004 e fecha a leitura: em setembro de 2026 Maringá não tem política climática própria — tem um contrato que a produzirá.",,,,
15,Setor Público,"3.1.3. Dados, Monitoramento e Planejamento","Contrato com a UNILIVRE: Desenvolvimento de um projeto estratégico para diagnosticar vulnerabilidades, cruzar dados e criar um plano de enfrentamento às mudanças climáticas.",0.286,ENT-003,00:17:40,1.1.5,Avaliação de riscos e vulnerabilidades climáticas,em_implementacao,alta,climaticas|enfrentamento|projeto|vulnerabilidades,"Há identificação prévia e consensual dos dois riscos prioritários (erosão e alagamento), independente do estudo em curso. A evidência sustenta que o conhecimento do risco existe e antecede a formalização metodológica.",,,,
16,Setor Público,"3.1.3. Dados, Monitoramento e Planejamento",Levantamentos Próprios: Contratação de robôs para mapeamento da rede de drenagem subterrânea e aquisição de 20 miniestações meteorológicas para previsibilidade climática.,0.308,ENT-015,00:12:31,3.2.3,"Dados de risco, vulnerabilidade e exposição",em_elaboracao,alta,contratacao|meteorologicas|previsibilidade|rede,"ACHADO DECISIVO. Rede própria de vinte estações meteorológicas em contratação, com previsão contratada de três dias. É a primeira capacidade de monitoramento climático em tempo real da cidade, e ataca diretamente a lacuna «Muito alta» de dados de risco. Converge com o achado de ENT-003 sobre dados meteorológicos primários já em circulação — a diferença é que aqui a capacidade passa a ser municipal e formalizada.",,,,
16,Setor Público,"3.1.3. Dados, Monitoramento e Planejamento",Levantamentos Próprios: Contratação de robôs para mapeamento da rede de drenagem subterrânea e aquisição de 20 miniestações meteorológicas para previsibilidade climática.,0.231,ENT-013,00:24:49,4.2.3,"Participação de conselhos, COMDEMA e sociedade civil",em_elaboracao,alta,mapeamento|proprios|rede,"PROJETO ESTRUTURANTE, JÁ SUBMETIDO. Rede de núcleos comunitários de defesa civil como canal bidirecional — a comunidade identifica o risco local que o mapeamento não alcança, e recebe o alerta em linguagem própria. Responde de uma vez às lacunas de dado territorial fino (ENT-005, ENT-007) e de comunicação (cinco sessões), e se apoia na densidade associativa que ENT-007 documenta. É a proposta com melhor relação entre custo e alcance no corpus.",,,,
16,Setor Público,"3.1.3. Dados, Monitoramento e Planejamento",Levantamentos Próprios: Contratação de robôs para mapeamento da rede de drenagem subterrânea e aquisição de 20 miniestações meteorológicas para previsibilidade climática.,0.231,ENT-008,00:30:37,3.2.2,"Qualidade, atualização e acessibilidade dos dados climáticos",em_elaboracao,alta,climatica|drenagem|rede,"A base cadastral da infraestrutura de drenagem está sendo reconstituída dentro do plano climático — ou seja, o município não sabe hoje, de forma sistematizada, onde estão os pontos de saída de sua própria rede. Pré-condição de qualquer projeto financiável de drenagem, e está em construção.",,,,
17,Setor Público,"3.1.3. Dados, Monitoramento e Planejamento","Desenvolvimento de Sistema: A AMTECH está criando um sistema para organizar informações de áreas de risco, Defesa Civil e vulnerabilidade social.",0.417,ENT-013,00:45:24,1.2.1,Responsabilidades institucionais para implementação climática,inexistente,media,civil|defesa|informacoes|risco|sistema,"O órgão de defesa civil se coloca como titular natural do sistema municipal de dados de risco, com o argumento de já agregar informação das demais pastas. Registra uma candidatura concreta à titularidade — questão que a criação de qualquer instância de governança de dados terá de resolver.",,,,
17,Setor Público,"3.1.3. Dados, Monitoramento e Planejamento","Desenvolvimento de Sistema: A AMTECH está criando um sistema para organizar informações de áreas de risco, Defesa Civil e vulnerabilidade social.",0.333,ENT-001-ENT-002,00:17:58,1.1.5,Avaliação de riscos e vulnerabilidades climáticas,em_elaboracao,baixa,civil|defesa|risco|vulnerabilidade,"O risco climático é lido por recorrência de ocorrência — vento, chuva, queda de árvore, alagamento — e não por avaliação estruturada. O participante remete explicitamente a avaliação técnica às secretarias de infraestrutura e à Defesa Civil, o que limita a confiança desta evidência sobre a existência do instrumento.",,,,
17,Setor Público,"3.1.3. Dados, Monitoramento e Planejamento","Desenvolvimento de Sistema: A AMTECH está criando um sistema para organizar informações de áreas de risco, Defesa Civil e vulnerabilidade social.",0.333,ENT-013,00:18:55,3.1.2,Compartilhamento de dados com Estado/União,em_implementacao,alta,areas|risco|sistema|vulnerabilidade,"ACHADO. Há sistema estadual em uso pelo município, alimentado com áreas de risco, pontos de atenção e pessoas vulneráveis. É a única base estruturada e compartilhada com outro ente identificada no corpus — e ela existe fora do município, o que a torna simultaneamente um ativo e uma dependência.",,,,
18,Setor Público,"3.1.3. Dados, Monitoramento e Planejamento","Monitoramento em Construção: Não há metas específicas para a agenda climática, e o monitoramento é um produto em desenvolvimento. O plano de metas geral do IPPLAM engloba o tema de forma transversal, mas não isolada.",0.312,ENT-001-ENT-002,00:23:24,1.1.7,Monitoramento e avaliação da adaptação,inexistente,alta,climatica|geral|metas|monitoramento|plano,"Existe plano de metas municipal com acompanhamento periódico de percentual de execução, mas nenhum indicador climático próprio. O monitoramento da ação climática não tem instrumento dedicado: depende de leitura indireta de metas setoriais gerais.",,,,
18,Setor Público,"3.1.3. Dados, Monitoramento e Planejamento","Monitoramento em Construção: Não há metas específicas para a agenda climática, e o monitoramento é um produto em desenvolvimento. O plano de metas geral do IPPLAM engloba o tema de forma transversal, mas não isolada.",0.312,ENT-003,00:19:17,1.1.7,Monitoramento e avaliação da adaptação,inexistente,alta,climatica|construcao|metas|monitoramento|produto,"LACUNA CRÍTICA. Não existe hoje meta, indicador ou mecanismo de monitoramento específico para mudança climática. A dimensão tem prioridade «Muito alta» na matriz de Maringá e depende integralmente da entrega do contrato de consultoria.",,,,
18,Setor Público,"3.1.3. Dados, Monitoramento e Planejamento","Monitoramento em Construção: Não há metas específicas para a agenda climática, e o monitoramento é um produto em desenvolvimento. O plano de metas geral do IPPLAM engloba o tema de forma transversal, mas não isolada.",0.312,ENT-003,00:20:55,1.1.7,Monitoramento e avaliação da adaptação,monitorado,media,agenda|climatica|metas|monitoramento|plano,"Existe monitoramento setorial (saneamento e resíduos), mas movido por obrigação legal e reconhecido como incompleto pelo próprio órgão. Não há ponte declarada entre esses indicadores setoriais e a agenda climática.",,,,
19,Setor Público,"3.1.3. Dados, Monitoramento e Planejamento","Comunicação dos Dados: A comunicação dos dados é um desafio, pois as informações são frequentemente muito técnicas para o público leigo, dificultando a conscientização e a adesão da população.",0.25,ENT-001-ENT-002,00:34:19,4.2.1,Participação pública na agenda climática,inexistente,media,adesao|comunicacao|publico,"Divulgação e simplificação são apontadas como condição de adesão cidadã a instrumentos climático-fiscais. Dito por quem é, ele próprio, público interno que não conhece o instrumento — o que sugere que a barreira de comunicação começa dentro da prefeitura.",,,,
19,Setor Público,"3.1.3. Dados, Monitoramento e Planejamento","Comunicação dos Dados: A comunicação dos dados é um desafio, pois as informações são frequentemente muito técnicas para o público leigo, dificultando a conscientização e a adesão da população.",0.25,ENT-003,00:46:28,4.2.1,Participação pública na agenda climática,em_implementacao,media,comunicacao|conscientizacao|populacao,"A participação social é lida como pré-condição de viabilidade dos instrumentos econômicos, não como etapa formal de processo. Convergente com a dimensão transversal de percepção social prevista no Produto 2.",,,,
19,Setor Público,"3.1.3. Dados, Monitoramento e Planejamento","Comunicação dos Dados: A comunicação dos dados é um desafio, pois as informações são frequentemente muito técnicas para o público leigo, dificultando a conscientização e a adesão da população.",0.25,ENT-013,00:24:49,4.2.3,"Participação de conselhos, COMDEMA e sociedade civil",em_elaboracao,alta,comunicacao|dados|informacoes,"PROJETO ESTRUTURANTE, JÁ SUBMETIDO. Rede de núcleos comunitários de defesa civil como canal bidirecional — a comunidade identifica o risco local que o mapeamento não alcança, e recebe o alerta em linguagem própria. Responde de uma vez às lacunas de dado territorial fino (ENT-005, ENT-007) e de comunicação (cinco sessões), e se apoia na densidade associativa que ENT-007 documenta. É a proposta com melhor relação entre custo e alcance no corpus.",,,,
20,Setor Público,3.1.4. Governança e Coordenação,"Liderança Centralizada: A figura do prefeito, [participante], é apontada como o principal líder e articulador da agenda, sendo seu engajamento pessoal um fator crítico para a priorização do tema. A coordenação ainda reside fortemente no gabinete, sem uma unidade ou ""caixinha"" única responsável pela gestão integral.",0.286,ENT-015,00:45:16,1.2.1,Responsabilidades institucionais para implementação climática,inexistente,alta,agenda|apontada|caixinha|coordenacao|pessoal|responsavel|tema|unidade,"ACHADO CENTRAL DE GOVERNANÇA. A titularidade da agenda climática está na pessoa do chefe do Executivo, e a unidade destinada a assumi-la ainda não a assumiu. Confirma, no nível máximo, a lacuna apontada em ENT-008, ENT-010-ENT-011, ENT-012 e ENT-014, e explica por que a coordenação horizontal descrita em ENT-003 funciona por escalonamento pessoal: é assim que ela está desenhada. Dimensão «Muito alta».",,,,
20,Setor Público,3.1.4. Governança e Coordenação,"Liderança Centralizada: A figura do prefeito, [participante], é apontada como o principal líder e articulador da agenda, sendo seu engajamento pessoal um fator crítico para a priorização do tema. A coordenação ainda reside fortemente no gabinete, sem uma unidade ou ""caixinha"" única responsável pela gestão integral.",0.179,ENT-001-ENT-002,00:35:20,4.1.3,"Coordenação horizontal entre IAM, IPPLAM, Fazenda, Defesa Civil, SEMOB e Educação",inexistente,media,agenda|coordenacao|gabinete|pessoal|responsavel,"Não há instância institucional responsável pela agenda climática como conjunto; a coordenação repousa no gabinete do Chefe do Executivo. Converge com ENT-003, que descreveu o mesmo arranjo a partir do órgão ambiental: coordenação por relação pessoal e escalonamento. A formulação foi proposta pelo entrevistador e confirmada pelo participante, o que rebaixa a confiança.",,,,
20,Setor Público,3.1.4. Governança e Coordenação,"Liderança Centralizada: A figura do prefeito, [participante], é apontada como o principal líder e articulador da agenda, sendo seu engajamento pessoal um fator crítico para a priorização do tema. A coordenação ainda reside fortemente no gabinete, sem uma unidade ou ""caixinha"" única responsável pela gestão integral.",0.179,ENT-003,00:29:48,4.1.3,"Coordenação horizontal entre IAM, IPPLAM, Fazenda, Defesa Civil, SEMOB e Educação",em_implementacao,alta,agenda|coordenacao|lideranca|priorizacao|sendo,"FORTALEZA com contrapartida de risco. A liderança do Chefe do Executivo elimina o custo de convencimento e acelera decisão — e, sendo o único mecanismo de priorização identificado, torna a agenda dependente de uma pessoa. Insumo central para a recomendação de instância permanente de governança climática.",,,,
21,Setor Público,3.1.4. Governança e Coordenação,"Fragmentação e Integração: Não há uma secretaria ou departamento central que coordene as ações de forma global. As responsabilidades estão distribuídas, com destaque para o IAM (Instituto Ambiental), a SEMOP (Secretaria de Obras), a Defesa Civil e a Secretaria de Infraestrutura. A integração, embora reconhecida como desafiadora devido à descentralização, tem melhorado com reuniões semanais promovidas pela gestão, facilitando a comunicação entre os diretores.",0.152,ENT-001-ENT-002,00:35:20,1.2.1,Responsabilidades institucionais para implementação climática,em_implementacao,alta,ambiental|infraestrutura|obras|responsabilidades|secretaria,As responsabilidades setoriais são claras e prontamente identificadas por um servidor de área-meio — o que indica desenho institucional legível. O que não existe é competência climática transversal: cada órgão responde por um fragmento e nenhum responde pelo conjunto.,,,,
21,Setor Público,3.1.4. Governança e Coordenação,"Fragmentação e Integração: Não há uma secretaria ou departamento central que coordene as ações de forma global. As responsabilidades estão distribuídas, com destaque para o IAM (Instituto Ambiental), a SEMOP (Secretaria de Obras), a Defesa Civil e a Secretaria de Infraestrutura. A integração, embora reconhecida como desafiadora devido à descentralização, tem melhorado com reuniões semanais promovidas pela gestão, facilitando a comunicação entre os diretores.",0.152,ENT-013,00:22:00,1.2.2,Capacidade institucional para executar ações climáticas,em_implementacao,alta,acoes|civil|defesa|gestao|integracao,"Reestruturação administrativa recente do órgão de defesa civil, com introdução de método de mapeamento e de integração de dados. Converge com ENT-012 sobre a recomposição institucional de 2025 e mostra um caso em que ela produziu capacidade nova.",,,,
21,Setor Público,3.1.4. Governança e Coordenação,"Fragmentação e Integração: Não há uma secretaria ou departamento central que coordene as ações de forma global. As responsabilidades estão distribuídas, com destaque para o IAM (Instituto Ambiental), a SEMOP (Secretaria de Obras), a Defesa Civil e a Secretaria de Infraestrutura. A integração, embora reconhecida como desafiadora devido à descentralização, tem melhorado com reuniões semanais promovidas pela gestão, facilitando a comunicação entre os diretores.",0.152,ENT-008,00:31:47,1.2.1,Responsabilidades institucionais para implementação climática,inexistente,alta,ambiental|infraestrutura|obras|responsabilidades|secretaria,"ACHADO ESTRUTURANTE. A atribuição sobre a drenagem se define pelo domínio do território e não pela natureza do serviço: dentro de área de preservação, a rede vira responsabilidade ambiental. Cria uma zona sem titular efetivo exatamente no trecho onde a água chega ao rio. Dimensão «Muito alta».",,,,
22,Setor Público,3.1.4. Governança e Coordenação,"Sobreposição de Funções: O IAM acaba assumindo funções operacionais que seriam de outras secretarias, especialmente em áreas de preservação permanente, gerando sobrecarga e retrabalho.",0.2,ENT-008,00:37:15,1.2.2,Capacidade institucional para executar ações climáticas,inexistente,alta,acaba|funcoes|operacionais,"Acúmulo de funções regulatórias, operacionais e de planejamento em uma mesma unidade, acrescido do resíduo institucional que nenhuma outra pasta assume. O órgão que deveria formular a política climática é o mesmo que opera parque, licencia e fiscaliza.",,,,
22,Setor Público,3.1.4. Governança e Coordenação,"Sobreposição de Funções: O IAM acaba assumindo funções operacionais que seriam de outras secretarias, especialmente em áreas de preservação permanente, gerando sobrecarga e retrabalho.",0.133,ENT-004,00:44:26,1.2.2,Capacidade institucional para executar ações climáticas,inexistente,alta,acaba|sobrecarga,"A sobrecarga por demanda reativa impede a produção de solução técnica para os próprios pontos críticos identificados. É a mesma barreira de capacidade administrativa nomeada em ENT-003 para o IPTU Verde, aqui aplicada ao projeto de drenagem: o limite não é orçamentário nem normativo, é de tempo técnico disponível.",,,,
22,Setor Público,3.1.4. Governança e Coordenação,"Sobreposição de Funções: O IAM acaba assumindo funções operacionais que seriam de outras secretarias, especialmente em áreas de preservação permanente, gerando sobrecarga e retrabalho.",0.133,ENT-013,00:22:00,1.2.2,Capacidade institucional para executar ações climáticas,em_implementacao,alta,outras|secretarias,"Reestruturação administrativa recente do órgão de defesa civil, com introdução de método de mapeamento e de integração de dados. Converge com ENT-012 sobre a recomposição institucional de 2025 e mostra um caso em que ela produziu capacidade nova.",,,,
23,Setor Público,3.1.4. Governança e Coordenação,"Articulação Federativa: A relação com o governo estadual, federal e a Câmara Municipal é descrita como tranquila e eficiente. A participação na Frente Nacional de Prefeitos (FNP) tem sido um canal positivo para a articulação política, embora haja preocupação com potenciais mudanças no governo federal.",0.417,ENT-015,00:40:41,4.1.2,Coordenação com Governo Federal,efetivo,alta,articulacao|canal|federal|frente|governo|municipal|nacional|prefeitos,"ACHADO DECISIVO DE COORDENAÇÃO VERTICAL. O acesso ao governo federal se dá por meio de posição de liderança em entidade nacional de municípios, não pela via municipal ordinária. Explica a articulação da taxa de drenagem e diverge frontalmente de ENT-004 («a nível federal não conhecemos ninguém») — o canal existe e está concentrado em uma pessoa, o que o torna eficaz e não transferível.",,,,
23,Setor Público,3.1.4. Governança e Coordenação,"Articulação Federativa: A relação com o governo estadual, federal e a Câmara Municipal é descrita como tranquila e eficiente. A participação na Frente Nacional de Prefeitos (FNP) tem sido um canal positivo para a articulação política, embora haja preocupação com potenciais mudanças no governo federal.",0.292,ENT-001-ENT-002,00:37:53,4.1.1,Coordenação com Governo do Paraná/SEDEST,em_implementacao,alta,articulacao|descrita|estadual|federal|governo|politica|relacao,"A relação com estado e União é descrita como boa e fluida, mas o fluxo de recurso climático ainda não se materializou no ponto do município onde ele seria operado. Anúncio de política nos níveis superiores não chegou como convênio ou emenda.",,,,
23,Setor Público,3.1.4. Governança e Coordenação,"Articulação Federativa: A relação com o governo estadual, federal e a Câmara Municipal é descrita como tranquila e eficiente. A participação na Frente Nacional de Prefeitos (FNP) tem sido um canal positivo para a articulação política, embora haja preocupação com potenciais mudanças no governo federal.",0.25,ENT-008,00:34:33,4.1.1,Coordenação com Governo do Paraná/SEDEST,em_implementacao,alta,articulacao|canal|estadual|federal|governo|relacao,"A articulação vertical se concentra no Estado, e a federal é a mais distante — por natureza da ação e por ausência de projeto habilitado. Dimensão «Muito alta»: a relação com o Paraná é o canal efetivo, e é por ele que passam os fundos citados.",,,,
24,Setor Público,3.1.5. Ações e Soluções Propostas,"Obras Estruturantes: Foco em obras de drenagem, desobstrução de canais e soluções de engenharia verde.",0.333,ENT-001-ENT-002,00:26:51,2.1.6,Estratégia financeira para mitigação e baixo carbono,em_elaboracao,alta,engenharia|obras|verde,"Critérios construtivos de baixo carbono começam a entrar nas obras novas por decisão de projeto, não por norma. O limite declarado é de capacidade técnica interna: a equipe de engenharia ainda está aprendendo a especificar.",,,,
24,Setor Público,3.1.5. Ações e Soluções Propostas,"Obras Estruturantes: Foco em obras de drenagem, desobstrução de canais e soluções de engenharia verde.",0.333,ENT-001-ENT-002,00:15:36,3.1.1,Sistema municipal de dados climáticos e territoriais,em_implementacao,media,canais|desobstrucao|obras,"O único sistema de dados citado nesta sessão é o de reporte à Defesa Civil, alimentado com regularidade. É reporte a sistema externo, não sistema municipal de dados territoriais — a base própria segue sem menção.",,,,
24,Setor Público,3.1.5. Ações e Soluções Propostas,"Obras Estruturantes: Foco em obras de drenagem, desobstrução de canais e soluções de engenharia verde.",0.222,ENT-001-ENT-002,00:35:20,1.2.1,Responsabilidades institucionais para implementação climática,em_implementacao,alta,drenagem|obras,As responsabilidades setoriais são claras e prontamente identificadas por um servidor de área-meio — o que indica desenho institucional legível. O que não existe é competência climática transversal: cada órgão responde por um fragmento e nenhum responde pelo conjunto.,,,,
25,Setor Público,3.1.5. Ações e Soluções Propostas,"Projetos Piloto: Descarbonização da frota com biodiesel e projetos de ""núcleos de bairro"" para identificação de riscos.",0.444,ENT-003,00:22:24,2.1.6,Estratégia financeira para mitigação e baixo carbono,em_implementacao,alta,biodiesel|descarbonizacao|frota|piloto,"Existe ação de mitigação em curso, mas originada em determinação individual do Chefe do Executivo e não em estratégia de baixo carbono formalizada. Coerente com a prioridade «Média» atribuída a esta dimensão em Maringá.",,,,
25,Setor Público,3.1.5. Ações e Soluções Propostas,"Projetos Piloto: Descarbonização da frota com biodiesel e projetos de ""núcleos de bairro"" para identificação de riscos.",0.333,ENT-008,00:43:40,2.1.4,Capacidade de preparar projetos para financiamento,em_implementacao,alta,descarbonizacao|frota|projetos,"Existe carteira estruturada de quatro projetos, com objetivos definidos e um deles orientado ao encerramento do aterro. Qualifica o achado de ENT-004: a ausência de carteira vale para as pastas executoras, não para o órgão ambiental — a capacidade de estruturar projeto existe, concentrada em uma unidade e em duas pessoas.",,,,
25,Setor Público,3.1.5. Ações e Soluções Propostas,"Projetos Piloto: Descarbonização da frota com biodiesel e projetos de ""núcleos de bairro"" para identificação de riscos.",0.333,ENT-015,00:47:41,1.1.1,Estratégia de mitigação com metas claras,em_implementacao,alta,biodiesel|descarbonizacao|frota,"AÇÃO DE MITIGAÇÃO EM CURSO, COM CUSTO E RISCO ASSUMIDOS. Substituição integral do diesel da frota por biocombustível, com redução declarada de 90% das emissões e exposição do orçamento à volatilidade da soja. Confirma e amplia o projeto de descarbonização citado em ENT-004 e ENT-008 — e é a decisão de mitigação de maior efeito e maior risco fiscal do corpus.",,,,
26,Setor Público,3.1.5. Ações e Soluções Propostas,Resposta a Emergências: A unificação da Defesa Civil com a Secretaria de Infraestrutura agilizou a resposta operacional a eventos climáticos.,0.545,ENT-004,00:49:29,4.1.3,"Coordenação horizontal entre IAM, IPPLAM, Fazenda, Defesa Civil, SEMOB e Educação",em_implementacao,alta,civil|defesa|infraestrutura|operacional|resposta|unificacao,"Resultado declarado da fusão: redução do tempo de resposta a evento extremo por unificação da cadeia de decisão e do parque de equipamentos. É o achado positivo mais concreto do corpus sobre coordenação horizontal, e o único com efeito operacional verificável.",,,,
26,Setor Público,3.1.5. Ações e Soluções Propostas,Resposta a Emergências: A unificação da Defesa Civil com a Secretaria de Infraestrutura agilizou a resposta operacional a eventos climáticos.,0.545,ENT-013,00:46:51,4.1.3,"Coordenação horizontal entre IAM, IPPLAM, Fazenda, Defesa Civil, SEMOB e Educação",em_implementacao,alta,civil|defesa|infraestrutura|operacional|resposta|secretaria,"TRIANGULAÇÃO CONFIRMADA. A fusão administrativa relatada em ENT-004 é confirmada pelo outro lado, com o mesmo efeito e o mesmo mecanismo: acesso direto a equipamento e equipe sem trâmite formal. É o achado positivo de coordenação horizontal mais bem evidenciado do corpus — duas fontes independentes, efeito operacional verificável. Dimensão «Muito alta».",,,,
26,Setor Público,3.1.5. Ações e Soluções Propostas,Resposta a Emergências: A unificação da Defesa Civil com a Secretaria de Infraestrutura agilizou a resposta operacional a eventos climáticos.,0.455,ENT-015,00:17:05,2.2.1,Orçamento verde / climate budget tagging,inexistente,alta,civil|defesa|infraestrutura|resposta|secretaria,"EVIDÊNCIA DEFINITIVA DA DIMENSÃO. Não há unidade orçamentária nem marcação climática; o gasto existe, está distribuído em três pastas e é identificável apenas por conhecimento pessoal de quem dirige. Confirma a resposta «nenhuma» de ENT-012 e reconcilia a divergência com ENT-013: há priorização, não há rastreabilidade. Dimensão «Muito alta».",,,,
27,Setor Público,3.1.5. Ações e Soluções Propostas,Conscientização: Necessidade de campanhas de comunicação com linguagem acessível para engajar a população e o setor privado.,0.3,ENT-003,00:46:28,4.2.1,Participação pública na agenda climática,em_implementacao,media,comunicacao|conscientizacao|populacao,"A participação social é lida como pré-condição de viabilidade dos instrumentos econômicos, não como etapa formal de processo. Convergente com a dimensão transversal de percepção social prevista no Produto 2.",,,,
27,Setor Público,3.1.5. Ações e Soluções Propostas,Conscientização: Necessidade de campanhas de comunicação com linguagem acessível para engajar a população e o setor privado.,0.3,ENT-013,00:42:25,4.2.4,Transparência e devolutiva das contribuições,em_implementacao,alta,acessivel|comunicacao|linguagem,"DIVERGÊNCIA. Avaliação positiva da comunicação municipal, inclusive climática, com prática própria de vídeos de linguagem acessível. Diverge de ENT-008, que declara não ter pessoa para comunicar e considerar a comunicação central insuficiente. As duas podem ser verdadeiras: a comunicação de emergência funciona, a comunicação da política ambiental não. Divergência preservada.",,,,
27,Setor Público,3.1.5. Ações e Soluções Propostas,Conscientização: Necessidade de campanhas de comunicação com linguagem acessível para engajar a população e o setor privado.,0.2,ENT-001-ENT-002,00:26:51,4.2.2,Engajamento do setor privado,inexistente,media,privado|setor,"O mercado local de execução ainda não está formado para obra de baixo carbono. A restrição está do lado da oferta, não só da demanda pública — o que significa que exigir critério verde em licitação, isoladamente, pode esvaziar certames.",,,,
28,Setor Privado,"3.2.1. Política Climática: incorporação, riscos e desafios","Riscos Climáticos com Impacto Econômico: A economia local, fortemente atrelada ao agronegócio e à tecnologia, sofre impactos diretos e indiretos com extremos climáticos (estiagem, calor excessivo, chuvas intensas, vendavais). A vulnerabilidade da rede elétrica aérea é um risco crítico que afeta toda a cadeia produtiva.",0.333,ENT-017-ENT-018,00:11:19,1.1.5,Avaliação de riscos e vulnerabilidades climáticas,inexistente,alta,agronegocio|cadeia|economia|economico|impacto|produtiva|risco|riscos,"ACHADO ECONÔMICO. O risco climático atinge Maringá indiretamente pela cadeia de fornecimento ao agronegócio, e não apenas pelo evento urbano. É a única leitura do corpus sobre transmissão setorial do risco — e amplia consideravelmente a exposição econômica da cidade em relação ao que os instrumentos municipais consideram.",,,,
28,Setor Privado,"3.2.1. Política Climática: incorporação, riscos e desafios","Riscos Climáticos com Impacto Econômico: A economia local, fortemente atrelada ao agronegócio e à tecnologia, sofre impactos diretos e indiretos com extremos climáticos (estiagem, calor excessivo, chuvas intensas, vendavais). A vulnerabilidade da rede elétrica aérea é um risco crítico que afeta toda a cadeia produtiva.",0.267,ENT-017-ENT-018,00:09:40,1.1.5,Avaliação de riscos e vulnerabilidades climáticas,em_implementacao,alta,calor|chuvas|economico|estiagem|extremos|impacto|risco|riscos,"O duplo regime hídrico identificado pela consultoria em ENT-010-ENT-011 é lido, do lado financeiro, como risco econômico regional. Confirma que a leitura de risco de Maringá é consistente entre fontes técnicas independentes.",,,,
28,Setor Privado,"3.2.1. Política Climática: incorporação, riscos e desafios","Riscos Climáticos com Impacto Econômico: A economia local, fortemente atrelada ao agronegócio e à tecnologia, sofre impactos diretos e indiretos com extremos climáticos (estiagem, calor excessivo, chuvas intensas, vendavais). A vulnerabilidade da rede elétrica aérea é um risco crítico que afeta toda a cadeia produtiva.",0.2,ENT-016,00:09:11,1.1.5,Avaliação de riscos e vulnerabilidades climáticas,em_implementacao,alta,chuvas|economia|economico|impacto|riscos|vulnerabilidade,"O setor econômico identifica dois vetores de impacto que o corpus público não trata: abastecimento e produção agrícola regional. Converge com a vulnerabilidade de captação relatada em ENT-005, ENT-009 e ENT-014, e acrescenta a dimensão econômica regional — ausente de todos os instrumentos municipais citados. SESSÃO SEM TCLE.",,,,
29,Setor Privado,"3.2.1. Política Climática: incorporação, riscos e desafios","Desafios na Arborização e na Gestão de Resíduos: Há um consenso sobre a necessidade de um sistema contínuo de mapeamento, poda e substituição de árvores. A destinação do lixo é apontada como uma prioridade, com críticas à permanência de um lixão na cidade e à falta de adoção de sistemas de reciclagem avançados.",0.333,ENT-016,00:15:38,2.1.5,Estratégia financeira para adaptação e resiliência,inexistente,alta,apontada|cidade|destinacao|lixao|lixo|prioridade|reciclagem|residuos,"Prioridade de investimento apontada pelo setor privado: encerramento do aterro e usina de tratamento com recuperação de material. Converge com o programa de resíduos descrito em ENT-008 e ENT-013 — e mostra que a agenda de resíduos tem apoio empresarial declarado, o que a torna a candidata mais viável a investimento privado. SESSÃO SEM TCLE.",,,,
29,Setor Privado,"3.2.1. Política Climática: incorporação, riscos e desafios","Desafios na Arborização e na Gestão de Resíduos: Há um consenso sobre a necessidade de um sistema contínuo de mapeamento, poda e substituição de árvores. A destinação do lixo é apontada como uma prioridade, com críticas à permanência de um lixão na cidade e à falta de adoção de sistemas de reciclagem avançados.",0.167,ENT-016,00:16:48,1.1.4,Estratégia de adaptação com metas claras,em_elaboracao,alta,arvores|mapeamento|poda|sistema,Convergência do setor privado com a proposta de inventário e manejo preventivo de ENT-007 e com o cadastro arbóreo em atualização relatado em ENT-015 — e a menção a mapeamento anterior reforça a hipótese de ENT-010-ENT-011 de que o inventário já existe e não circula. SESSÃO SEM TCLE.,,,,
29,Setor Privado,"3.2.1. Política Climática: incorporação, riscos e desafios","Desafios na Arborização e na Gestão de Resíduos: Há um consenso sobre a necessidade de um sistema contínuo de mapeamento, poda e substituição de árvores. A destinação do lixo é apontada como uma prioridade, com críticas à permanência de um lixão na cidade e à falta de adoção de sistemas de reciclagem avançados.",0.125,ENT-009,00:05:44,1.1.5,Avaliação de riscos e vulnerabilidades climáticas,em_implementacao,alta,arborizacao|arvores|substituicao,"Causa técnica da queda de árvores identificada na escolha de espécies exóticas de enraizamento superficial no projeto paisagístico original. É a explicação estrutural para a convergência de quatro sessões sobre arborização como vulnerabilidade — e implica substituição de estoque, não apenas manejo. SESSÃO SEM TCLE.",,,,
30,Setor Privado,"3.2.1. Política Climática: incorporação, riscos e desafios","Falta de Preparo Preventivo: A prefeitura é vista como reativa, sem preparo preventivo para lidar com eventos climáticos, mesmo diante de alertas meteorológicos. A ""celeridade"" é um ponto central da crítica: o poder público é lento para agir, o que agrava os riscos econômicos e sociais.",0.167,ENT-009,00:17:06,1.1.5,Avaliação de riscos e vulnerabilidades climáticas,inexistente,alta,critica|mesmo|ponto|riscos,"Segunda confirmação independente do desabastecimento por alagamento da captação (a primeira é ENT-005), com a mesma proposta de redundância entre bacias. Duas fontes de setores diferentes descrevendo o mesmo evento e a mesma solução — a convergência mais específica do corpus sobre infraestrutura crítica. SESSÃO SEM TCLE.",,,,
30,Setor Privado,"3.2.1. Política Climática: incorporação, riscos e desafios","Falta de Preparo Preventivo: A prefeitura é vista como reativa, sem preparo preventivo para lidar com eventos climáticos, mesmo diante de alertas meteorológicos. A ""celeridade"" é um ponto central da crítica: o poder público é lento para agir, o que agrava os riscos econômicos e sociais.",0.167,ENT-017-ENT-018,00:34:44,4.1.1,Coordenação com Governo do Paraná/SEDEST,inexistente,alta,poder|ponto|publico|vista,"Recomendação de indução estadual da agenda climática municipal. Converge com a estratégia de ENT-015 de buscar regulamentação federal para a taxa de drenagem — em ambos os casos, o ente superior é acionado para destravar o que não avança localmente. Dimensão «Muito alta».",,,,
30,Setor Privado,"3.2.1. Política Climática: incorporação, riscos e desafios","Falta de Preparo Preventivo: A prefeitura é vista como reativa, sem preparo preventivo para lidar com eventos climáticos, mesmo diante de alertas meteorológicos. A ""celeridade"" é um ponto central da crítica: o poder público é lento para agir, o que agrava os riscos econômicos e sociais.",0.125,ENT-017-ENT-018,00:29:23,2.6.2,Blended finance para projetos climáticos,efetivo,alta,climaticos|critica|publico,"FONTE CONCRETA, REGIONAL E NÃO CITADA POR NENHUMA OUTRA SESSÃO. Banco público dos estados do Sul destina 1,5% do lucro líquido a fundo verde com editais abertos. É financiamento não reembolsável de origem regional, acessível a município e a sociedade civil — e responde à crítica de ENT-008 sobre editais nacionais de escopo piloto, por ser mais próximo e mais dirigido.",,,,
31,Setor Privado,"3.2.1. Política Climática: incorporação, riscos e desafios","Ações de Mercado Independentes: Grandes empresas estão pressionando seus fornecedores por adequação ambiental, gerando um movimento de mercado independente de ações do setor público. Isso indica que a agenda climática já é uma realidade para o setor privado, mesmo na ausência de políticas públicas robustas.",0.24,ENT-016,00:35:18,2.4.1,Mobilização de investimento privado em infraestrutura climática,inexistente,alta,ambiental|climatica|mesmo|privado|publico|setor,"BARREIRA NÚMERO UM SEGUNDO O SETOR PRIVADO, COM MEDIDA. Oito meses de espera por autorização de supressão arbórea com laudo pronto. Converge com a fila de poda relatada em ENT-007 e com a restrição de equipe do órgão ambiental descrita em ENT-008 — a mesma escassez de capacidade que atrasa o serviço público atrasa o investimento privado, e produz aqui o mesmo efeito perverso: pressão pela via informal. SESSÃO SEM TCLE.",,,,
31,Setor Privado,"3.2.1. Política Climática: incorporação, riscos e desafios","Ações de Mercado Independentes: Grandes empresas estão pressionando seus fornecedores por adequação ambiental, gerando um movimento de mercado independente de ações do setor público. Isso indica que a agenda climática já é uma realidade para o setor privado, mesmo na ausência de políticas públicas robustas.",0.24,ENT-016,00:21:33,2.4.1,Mobilização de investimento privado em infraestrutura climática,inexistente,alta,acoes|ambiental|climatica|empresas|privado|setor,"O retorno reputacional é apontado como motor do investimento privado ambiental, desde que haja instrumento que o reconheça. Converge com o prêmio setorial de ENT-015 e com a adesão ao Pacto Global: o setor já responde a incentivo reputacional, e o município ainda não o oferece formalmente. SESSÃO SEM TCLE.",,,,
31,Setor Privado,"3.2.1. Política Climática: incorporação, riscos e desafios","Ações de Mercado Independentes: Grandes empresas estão pressionando seus fornecedores por adequação ambiental, gerando um movimento de mercado independente de ações do setor público. Isso indica que a agenda climática já é uma realidade para o setor privado, mesmo na ausência de políticas públicas robustas.",0.24,ENT-017-ENT-018,00:29:23,4.2.2,Engajamento do setor privado,em_implementacao,alta,adequacao|climatica|fornecedores|grandes|privado|setor,"MECANISMO DE ARRASTO NA CADEIA. A exigência climática de grandes compradores força a adequação de fornecedores locais. Converge com a alta adesão empresarial ao Pacto Global relatada em ENT-016 — parte do engajamento privado de Maringá é induzida por cadeia, não por política municipal, e essa indução é uma alavanca disponível.",,,,
32,Setor Privado,"3.2.2. Finanças: orçamento, financiamento e captação de recursos","Necessidade de Incentivos Econômicos: O setor privado exige incentivos econômicos para investir em projetos ambientais. Políticas de incentivo (isenções fiscais, potencial construtivo) geram melhores resultados do que a fiscalização punitiva baseada em multas.",0.318,ENT-016,00:21:33,2.3.3,Diversificação de receitas ambientais/climáticas,inexistente,alta,ambientais|construtivo|exige|fiscalizacao|incentivo|politicas|potencial,"ACHADO ESTRUTURANTE. Transferência de potencial construtivo e isenção fiscal condicionadas à conservação de área ambiental privada, com prazo. Converte passivo em ativo, substitui fiscalização por incentivo e não exige desembolso do município. Converge com a outorga onerosa já regulamentada em ENT-015 e com o IPTU Verde empresarial de ENT-012 — três desenhos convergentes de compensação por conservação. SESSÃO SEM TCLE.",,,,
32,Setor Privado,"3.2.2. Finanças: orçamento, financiamento e captação de recursos","Necessidade de Incentivos Econômicos: O setor privado exige incentivos econômicos para investir em projetos ambientais. Políticas de incentivo (isenções fiscais, potencial construtivo) geram melhores resultados do que a fiscalização punitiva baseada em multas.",0.182,ENT-016,00:24:18,2.4.1,Mobilização de investimento privado em infraestrutura climática,inexistente,alta,incentivo|privado|punitiva|setor,"Avaliação categórica do setor privado organizado: a relação com a agenda ambiental municipal é exclusivamente punitiva. Contrasta com ENT-015, que descreve consciência privada elevada e legislação de compensação já aprovada — as duas leituras convivem se os instrumentos novos ainda não chegaram a quem os percebe. Divergência a resolver com a cronologia das leis. SESSÃO SEM TCLE.",,,,
32,Setor Privado,"3.2.2. Finanças: orçamento, financiamento e captação de recursos","Necessidade de Incentivos Econômicos: O setor privado exige incentivos econômicos para investir em projetos ambientais. Políticas de incentivo (isenções fiscais, potencial construtivo) geram melhores resultados do que a fiscalização punitiva baseada em multas.",0.136,ENT-016,00:09:11,1.1.5,Avaliação de riscos e vulnerabilidades climáticas,em_implementacao,alta,geram|privado|setor,"Sétima confirmação do par vento–arborização como risco principal, agora do setor privado organizado, somada à irregularidade sazonal da chuva. Converge com a série histórica de ENT-010-ENT-011. SESSÃO SEM TCLE.",,,,
33,Setor Privado,"3.2.2. Finanças: orçamento, financiamento e captação de recursos","Potencial das PPPs: Há um reconhecimento do potencial das PPPs para áreas essenciais (abastecimento de água, drenagem, gestão de resíduos, energia de biogás, iluminação LED, mobilidade elétrica). No entanto, a complexidade de estruturação dessas parcerias e o longo prazo de execução conflitam com a busca de gestores públicos por resultados imediatos que gerem retorno político.",0.344,ENT-017-ENT-018,00:12:54,2.4.2,"PPPs/concessões verdes para resíduos, mobilidade e infraestrutura",efetivo,alta,abastecimento|agua|biogas|drenagem|energia|gestao|iluminacao|mobilidade,"CARDÁPIO CONCRETO DE PPP CLIMÁTICA, DE QUEM AS ESTRUTURA. Sete arranjos já praticados por banco público regional, todos aplicáveis às prioridades de Maringá — drenagem, resíduos, arborização e parques. Converge com o programa de resíduos de ENT-008 e com a bacia de detenção de ENT-015, e mostra que o instrumento de financiamento para essas frentes existe e está disponível regionalmente.",,,,
33,Setor Privado,"3.2.2. Finanças: orçamento, financiamento e captação de recursos","Potencial das PPPs: Há um reconhecimento do potencial das PPPs para áreas essenciais (abastecimento de água, drenagem, gestão de resíduos, energia de biogás, iluminação LED, mobilidade elétrica). No entanto, a complexidade de estruturação dessas parcerias e o longo prazo de execução conflitam com a busca de gestores públicos por resultados imediatos que gerem retorno político.",0.25,ENT-017-ENT-018,00:15:41,2.4.2,"PPPs/concessões verdes para resíduos, mobilidade e infraestrutura",em_elaboracao,alta,agua|drenagem|eletrica|estruturacao|longo|mobilidade|ppps|residuos,"ACHADO DECISIVO. Existe modelo de PPP em estruturação para enterramento de rede elétrica em município do mesmo estado, com a recomendação técnica de combiná-lo a infraestrutura de drenagem na mesma obra. Responde diretamente à disputa registrada em ENT-005 e à proposta de estudo faseado de ENT-007 — o instrumento financeiro para a medida mais cara do corpus existe e tem precedente regional.",,,,
33,Setor Privado,"3.2.2. Finanças: orçamento, financiamento e captação de recursos","Potencial das PPPs: Há um reconhecimento do potencial das PPPs para áreas essenciais (abastecimento de água, drenagem, gestão de resíduos, energia de biogás, iluminação LED, mobilidade elétrica). No entanto, a complexidade de estruturação dessas parcerias e o longo prazo de execução conflitam com a busca de gestores públicos por resultados imediatos que gerem retorno político.",0.25,ENT-017-ENT-018,00:21:09,2.4.2,"PPPs/concessões verdes para resíduos, mobilidade e infraestrutura",em_implementacao,alta,complexidade|estruturacao|longo|mobilidade|ppps|prazo|reconhecimento|residuos,"Reconhecimento de que toda concessão climática exige tempo e estruturação, sem atalho. Reforça a recomendação de constituir capacidade permanente de preparação de projeto em vez de mobilizar equipe a cada oportunidade — que é exatamente o padrão reativo descrito em ENT-004.",,,,
34,Setor Privado,"3.2.2. Finanças: orçamento, financiamento e captação de recursos","Críticas ao IPTU Verde e Burocracia: O IPTU Verde é criticado por ser restrito a pessoas físicas (CPFs), excluindo empresas (CNPJs), e por sua burocracia excessiva. Os entrevistados defendem que o poder público abra espaço para um diálogo mais colaborativo e que simplifique os processos para destravar iniciativas privadas.",0.115,ENT-016,00:21:33,2.3.3,Diversificação de receitas ambientais/climáticas,inexistente,alta,iptu|poder|verde,"ACHADO ESTRUTURANTE. Transferência de potencial construtivo e isenção fiscal condicionadas à conservação de área ambiental privada, com prazo. Converte passivo em ativo, substitui fiscalização por incentivo e não exige desembolso do município. Converge com a outorga onerosa já regulamentada em ENT-015 e com o IPTU Verde empresarial de ENT-012 — três desenhos convergentes de compensação por conservação. SESSÃO SEM TCLE.",,,,
34,Setor Privado,"3.2.2. Finanças: orçamento, financiamento e captação de recursos","Críticas ao IPTU Verde e Burocracia: O IPTU Verde é criticado por ser restrito a pessoas físicas (CPFs), excluindo empresas (CNPJs), e por sua burocracia excessiva. Os entrevistados defendem que o poder público abra espaço para um diálogo mais colaborativo e que simplifique os processos para destravar iniciativas privadas.",0.115,ENT-016,00:27:31,2.3.1,Mobilização de receitas próprias para clima,regulamentado,alta,burocracia|iptu|verde,"SEGUNDA CONVERGÊNCIA SOBRE A LACUNA DO INSTRUMENTO. O IPTU Verde não alcança pessoa jurídica e é burocrático — mesmo diagnóstico de ENT-012, agora do lado do contribuinte empresarial. Duas fontes independentes, de setores distintos, apontam a mesma correção no único instrumento econômico-climático da cidade. SESSÃO SEM TCLE.",,,,
34,Setor Privado,"3.2.2. Finanças: orçamento, financiamento e captação de recursos","Críticas ao IPTU Verde e Burocracia: O IPTU Verde é criticado por ser restrito a pessoas físicas (CPFs), excluindo empresas (CNPJs), e por sua burocracia excessiva. Os entrevistados defendem que o poder público abra espaço para um diálogo mais colaborativo e que simplifique os processos para destravar iniciativas privadas.",0.115,ENT-016,00:28:43,4.2.3,"Participação de conselhos, COMDEMA e sociedade civil",inexistente,alta,dialogo|poder|publico,O canal de diálogo entre setor privado organizado e administração ambiental é avaliado como insuficiente. Converge com a carta sem resposta de ENT-007 e as 25 propostas sem desdobramento de ENT-009 — três setores distintos relatando ausência de fluxo institucional de recepção e resposta a proposta externa. SESSÃO SEM TCLE.,,,,
35,Setor Privado,"3.2.2. Finanças: orçamento, financiamento e captação de recursos","Taxas de Juros e Capacidade Técnica: As principais barreiras para o investimento são a necessidade de taxas de juros subsidiadas, a carência de políticas públicas bem definidas e a falta de capacidade técnica nos municípios para elaborar projetos competitivos.",0.235,ENT-009,00:41:47,2.1.4,Capacidade de preparar projetos para financiamento,inexistente,media,barreiras|capacidade|investimento|projetos,"Duas barreiras alegadas à captação: risco de desvio e ausência de retorno eleitoral do investimento em prevenção. A segunda é estrutural e independe de qualquer juízo sobre a primeira — obra que evita dano não é visível, e por isso perde na disputa orçamentária. SESSÃO SEM TCLE.",,,,
35,Setor Privado,"3.2.2. Finanças: orçamento, financiamento e captação de recursos","Taxas de Juros e Capacidade Técnica: As principais barreiras para o investimento são a necessidade de taxas de juros subsidiadas, a carência de políticas públicas bem definidas e a falta de capacidade técnica nos municípios para elaborar projetos competitivos.",0.176,ENT-016,00:35:18,1.2.2,Capacidade institucional para executar ações climáticas,inexistente,alta,capacidade|investimento|projetos,"O setor privado percebe a lentidão sem identificar sua causa. ENT-008 e ENT-012 a fornecem: municipalização recente do licenciamento e equipe insuficiente. A modernização do licenciamento, citada em ENT-008 como um dos quatro projetos da pasta, é a resposta direta a esta reclamação. SESSÃO SEM TCLE.",,,,
35,Setor Privado,"3.2.2. Finanças: orçamento, financiamento e captação de recursos","Taxas de Juros e Capacidade Técnica: As principais barreiras para o investimento são a necessidade de taxas de juros subsidiadas, a carência de políticas públicas bem definidas e a falta de capacidade técnica nos municípios para elaborar projetos competitivos.",0.176,ENT-017-ENT-018,00:24:00,2.1.4,Capacidade de preparar projetos para financiamento,inexistente,alta,capacidade|municipios|projetos,"QUINTA CONFIRMAÇÃO DO ACHADO CENTRAL, AGORA DO FINANCIADOR REGIONAL. A ausência de capacidade de estruturação de projeto é diagnosticada como padrão dos municípios, não como falha de Maringá. Converge com ENT-004, ENT-007, ENT-008 e ENT-010-ENT-011 — e reposiciona a recomendação: montar essa capacidade colocaria Maringá à frente de quase todos os concorrentes pelas mesmas fontes. Dimensão «Muito alta».",,,,
36,Setor Privado,"3.2.3. Dados, Monitoramento e Planejamento","Carência de Dados para Projetos Climáticos: Embora dados públicos para análise de crédito de municípios sejam de fácil acesso, há uma grande dificuldade em encontrar métricas de impacto e dados de linha base para projetos climáticos (ex: cálculo de pegada de carbono). Essa complexidade metodológica dificulta o monitoramento de projetos sustentáveis e a atração de investimentos.",0.286,ENT-017-ENT-018,00:18:29,3.2.5,Integração dos dados em planejamento e projetos financiáveis,inexistente,alta,calculo|carbono|credito|dados|dificuldade|impacto|pegada|projetos,"ACHADO CENTRAL, DO LADO DO FINANCIADOR. O que trava não é o crédito, é a mensuração do impacto climático do projeto. Converge exatamente com a calculadora de carbono em desenvolvimento em ENT-008 e com o questionamento dos órgãos de controle relatado em ENT-015 — a mesma lacuna de valoração aparece nas três pontas: quem executa, quem fiscaliza e quem financia. Dimensão «Muito alta».",,,,
36,Setor Privado,"3.2.3. Dados, Monitoramento e Planejamento","Carência de Dados para Projetos Climáticos: Embora dados públicos para análise de crédito de municípios sejam de fácil acesso, há uma grande dificuldade em encontrar métricas de impacto e dados de linha base para projetos climáticos (ex: cálculo de pegada de carbono). Essa complexidade metodológica dificulta o monitoramento de projetos sustentáveis e a atração de investimentos.",0.25,ENT-017-ENT-018,00:20:04,1.1.7,Monitoramento e avaliação da adaptação,inexistente,alta,acesso|base|calculo|dificuldade|linha|monitoramento|projetos,"A ausência de linha de base impede o monitoramento do resultado climático do investimento após o desembolso. Liga a lacuna de monitoramento «Muito alta» diretamente ao acesso a financiamento: sem linha de base, o projeto é mais difícil de aprovar e impossível de comprovar depois.",,,,
36,Setor Privado,"3.2.3. Dados, Monitoramento e Planejamento","Carência de Dados para Projetos Climáticos: Embora dados públicos para análise de crédito de municípios sejam de fácil acesso, há uma grande dificuldade em encontrar métricas de impacto e dados de linha base para projetos climáticos (ex: cálculo de pegada de carbono). Essa complexidade metodológica dificulta o monitoramento de projetos sustentáveis e a atração de investimentos.",0.214,ENT-009,00:22:25,3.1.1,Sistema municipal de dados climáticos e territoriais,inexistente,alta,acesso|climaticos|dados|dificuldade|encontrar|publicos,"LACUNA DE ACESSO. Dificuldade de localizar licitações, dispensas e processos administrativos relatada por profissional do direito. Se o acesso é difícil para quem tem formação jurídica, o rastreamento do gasto climático por terceiros é inviável — o que qualifica o achado de ENT-005 sobre o observatório social operar como capacidade externa. SESSÃO SEM TCLE.",,,,
37,Setor Privado,"3.2.3. Dados, Monitoramento e Planejamento","Ausência de Dados Acionáveis: A prefeitura frequentemente carece de dados acionáveis para responder a alertas meteorológicos. Não há um sistema contínuo de mapeamento, poda e substituição de árvores comprometidas, o que evidencia a falta de um planejamento preventivo baseado em dados.",0.3,ENT-016,00:16:48,1.1.4,Estratégia de adaptação com metas claras,em_elaboracao,alta,arvores|comprometidas|mapeamento|poda|preventivo|sistema,Convergência do setor privado com a proposta de inventário e manejo preventivo de ENT-007 e com o cadastro arbóreo em atualização relatado em ENT-015 — e a menção a mapeamento anterior reforça a hipótese de ENT-010-ENT-011 de que o inventário já existe e não circula. SESSÃO SEM TCLE.,,,,
37,Setor Privado,"3.2.3. Dados, Monitoramento e Planejamento","Ausência de Dados Acionáveis: A prefeitura frequentemente carece de dados acionáveis para responder a alertas meteorológicos. Não há um sistema contínuo de mapeamento, poda e substituição de árvores comprometidas, o que evidencia a falta de um planejamento preventivo baseado em dados.",0.15,ENT-009,00:22:25,3.2.3,"Dados de risco, vulnerabilidade e exposição",em_implementacao,alta,arvores|dados|planejamento,"DADO DE EXPOSIÇÃO EXISTENTE. Estudo acadêmico local quantifica diferença de 5 °C entre o entorno do parque central e bairro novo sem arborização. Converge com a pesquisa de gradiente térmico metropolitano relatada em ENT-006: há produção local sobre ilha de calor, e ela não alimenta o planejamento. Dimensão «Muito alta». SESSÃO SEM TCLE.",,,,
37,Setor Privado,"3.2.3. Dados, Monitoramento e Planejamento","Ausência de Dados Acionáveis: A prefeitura frequentemente carece de dados acionáveis para responder a alertas meteorológicos. Não há um sistema contínuo de mapeamento, poda e substituição de árvores comprometidas, o que evidencia a falta de um planejamento preventivo baseado em dados.",0.1,ENT-009,00:05:44,1.1.5,Avaliação de riscos e vulnerabilidades climáticas,em_implementacao,alta,arvores|substituicao,"Causa técnica da queda de árvores identificada na escolha de espécies exóticas de enraizamento superficial no projeto paisagístico original. É a explicação estrutural para a convergência de quatro sessões sobre arborização como vulnerabilidade — e implica substituição de estoque, não apenas manejo. SESSÃO SEM TCLE.",,,,
38,Setor Privado,"3.2.3. Dados, Monitoramento e Planejamento",Projetos como Gargalo Central: A fragilidade técnica dos municípios em elaborar projetos é apontada como um gargalo central que impede o desenvolvimento de políticas climáticas eficazes. A falta de projetos bem estruturados inviabiliza a participação em editais e a captação de recursos.,0.211,ENT-017-ENT-018,00:24:00,2.1.4,Capacidade de preparar projetos para financiamento,inexistente,alta,central|fragilidade|municipios|projetos,"QUINTA CONFIRMAÇÃO DO ACHADO CENTRAL, AGORA DO FINANCIADOR REGIONAL. A ausência de capacidade de estruturação de projeto é diagnosticada como padrão dos municípios, não como falha de Maringá. Converge com ENT-004, ENT-007, ENT-008 e ENT-010-ENT-011 — e reposiciona a recomendação: montar essa capacidade colocaria Maringá à frente de quase todos os concorrentes pelas mesmas fontes. Dimensão «Muito alta».",,,,
38,Setor Privado,"3.2.3. Dados, Monitoramento e Planejamento",Projetos como Gargalo Central: A fragilidade técnica dos municípios em elaborar projetos é apontada como um gargalo central que impede o desenvolvimento de políticas climáticas eficazes. A falta de projetos bem estruturados inviabiliza a participação em editais e a captação de recursos.,0.211,ENT-017-ENT-018,00:37:15,2.6.1,Cofinanciamento com bancos públicos e multilaterais,em_implementacao,alta,captacao|central|desenvolvimento|elaborar,"ACHADO SOBRE COMPETITIVIDADE. A linha climática subsidiada federal esgota em dias — a disputa é por velocidade e prontidão, não por mérito ambiental. Confirma o argumento central do projeto: quem tem projeto pronto capta; quem começa a elaborar quando o edital abre, não. Dimensão «Muito alta».",,,,
38,Setor Privado,"3.2.3. Dados, Monitoramento e Planejamento",Projetos como Gargalo Central: A fragilidade técnica dos municípios em elaborar projetos é apontada como um gargalo central que impede o desenvolvimento de políticas climáticas eficazes. A falta de projetos bem estruturados inviabiliza a participação em editais e a captação de recursos.,0.158,ENT-009,00:14:28,1.2.2,Capacidade institucional para executar ações climáticas,inexistente,baixa,climaticas|fragilidade|tecnica,"ALEGAÇÃO DE ESVAZIAMENTO TÉCNICO. Relato de afastamento de servidores de carreira das funções de análise ambiental por decisão política. Registrada como divergência a triangular: diverge da leitura de ENT-008, que atribui a fragilidade da equipe à ausência de priorização orçamentária ao longo de oito anos, não a afastamento deliberado. As duas leituras descrevem a mesma escassez com causas opostas. SESSÃO SEM TCLE.",,,,
39,Setor Privado,3.2.4. Governança e Coordenação,"Associativismo e Liderança Privada: O associativismo e o cooperativismo são apontados como os maiores ativos da cidade. O Conselho de Desenvolvimento Econômico de Maringá (CODEM), com 400 voluntários, é um exemplo dessa articulação, onde o tema ambiental atua de forma transversal em câmaras técnicas. Há um forte engajamento do empresariado local em práticas sustentáveis, como demonstrado pela liderança nacional do Sindicato da Indústria de Maringá (SIM) no Pacto Global da ONU.",0.278,ENT-016,00:19:05,4.2.3,"Participação de conselhos, COMDEMA e sociedade civil",efetivo,alta,ambiental|camaras|conselho|desenvolvimento|economico|forma|tecnicas|tema,"ESTRUTURA DISPONÍVEL E JÁ TRANSVERSAL. Conselho de desenvolvimento econômico com quatrocentos voluntários organizados em câmaras técnicas setoriais, com pauta ambiental já presente de forma transversal. Confirma e qualifica a proposta de ENT-005 de levar a agenda climática a essa instância: a transversalidade já existe, falta a pauta ser explícita e deliberativa. SESSÃO SEM TCLE.",,,,
39,Setor Privado,3.2.4. Governança e Coordenação,"Associativismo e Liderança Privada: O associativismo e o cooperativismo são apontados como os maiores ativos da cidade. O Conselho de Desenvolvimento Econômico de Maringá (CODEM), com 400 voluntários, é um exemplo dessa articulação, onde o tema ambiental atua de forma transversal em câmaras técnicas. Há um forte engajamento do empresariado local em práticas sustentáveis, como demonstrado pela liderança nacional do Sindicato da Indústria de Maringá (SIM) no Pacto Global da ONU.",0.194,ENT-016,00:30:09,4.2.2,Engajamento do setor privado,efetivo,alta,associativismo|ativos|cidade|cooperativismo|engajamento|maiores|maringa,"Terceira confirmação do capital associativo como principal ativo da cidade (com ENT-005 e ENT-007), com o acréscimo decisivo de que ele é apartidário e sobrevive à alternância. É a condição habilitante mais resistente à descontinuidade identificada no corpus — e a única que não depende de quem governa. SESSÃO SEM TCLE.",,,,
39,Setor Privado,3.2.4. Governança e Coordenação,"Associativismo e Liderança Privada: O associativismo e o cooperativismo são apontados como os maiores ativos da cidade. O Conselho de Desenvolvimento Econômico de Maringá (CODEM), com 400 voluntários, é um exemplo dessa articulação, onde o tema ambiental atua de forma transversal em câmaras técnicas. Há um forte engajamento do empresariado local em práticas sustentáveis, como demonstrado pela liderança nacional do Sindicato da Indústria de Maringá (SIM) no Pacto Global da ONU.",0.139,ENT-016,00:32:39,4.1.4,Coordenação regional/metropolitana com municípios vizinhos,inexistente,alta,ambiental|associativismo|cidade|forte|maringa,"ACHADO SOBRE A ESCALA REGIONAL. O capital associativo de Maringá não se estende aos municípios vizinhos, ao contrário de outra região do mesmo estado. Converge com ENT-009 (vizinhos sem estrutura ambiental) e com ENT-014 (a distinção em relação ao entorno é socialmente valorizada): o principal ativo institucional da cidade termina no seu limite municipal, e é isso que trava a cooperação regional. SESSÃO SEM TCLE.",,,,
40,Setor Privado,3.2.4. Governança e Coordenação,"Morosidade Regulatória e Falta de Regras Claras: Há uma crítica contundente à lentidão do poder público. A falta de celeridade nas ações e a ausência de regras claras geram impactos negativos na economia. Exemplos concretos incluem prazos de até oito meses para autorizações de manejo de árvores, o que inviabiliza ações preventivas e desestimula a participação privada.",0.133,ENT-009,00:05:44,1.1.4,Estratégia de adaptação com metas claras,formalizado,alta,ausencia|claras|manejo|meses,LACUNA DE IMPLEMENTAÇÃO. O plano de arborização existe em norma e não é executado na etapa de reposição. Converge com o déficit relatado em ENT-006 e com a ausência de plano de manejo apontada em ENT-007 — três sessões independentes descrevendo a mesma falha. SESSÃO SEM TCLE.,,,,
40,Setor Privado,3.2.4. Governança e Coordenação,"Morosidade Regulatória e Falta de Regras Claras: Há uma crítica contundente à lentidão do poder público. A falta de celeridade nas ações e a ausência de regras claras geram impactos negativos na economia. Exemplos concretos incluem prazos de até oito meses para autorizações de manejo de árvores, o que inviabiliza ações preventivas e desestimula a participação privada.",0.133,ENT-016,00:35:18,2.4.1,Mobilização de investimento privado em infraestrutura climática,inexistente,alta,autorizacoes|meses|oito|publico,"BARREIRA NÚMERO UM SEGUNDO O SETOR PRIVADO, COM MEDIDA. Oito meses de espera por autorização de supressão arbórea com laudo pronto. Converge com a fila de poda relatada em ENT-007 e com a restrição de equipe do órgão ambiental descrita em ENT-008 — a mesma escassez de capacidade que atrasa o serviço público atrasa o investimento privado, e produz aqui o mesmo efeito perverso: pressão pela via informal. SESSÃO SEM TCLE.",,,,
40,Setor Privado,3.2.4. Governança e Coordenação,"Morosidade Regulatória e Falta de Regras Claras: Há uma crítica contundente à lentidão do poder público. A falta de celeridade nas ações e a ausência de regras claras geram impactos negativos na economia. Exemplos concretos incluem prazos de até oito meses para autorizações de manejo de árvores, o que inviabiliza ações preventivas e desestimula a participação privada.",0.133,ENT-016,00:28:43,4.2.3,"Participação de conselhos, COMDEMA e sociedade civil",inexistente,alta,ausencia|participacao|poder|publico,O canal de diálogo entre setor privado organizado e administração ambiental é avaliado como insuficiente. Converge com a carta sem resposta de ENT-007 e as 25 propostas sem desdobramento de ENT-009 — três setores distintos relatando ausência de fluxo institucional de recepção e resposta a proposta externa. SESSÃO SEM TCLE.,,,,
41,Setor Privado,3.2.4. Governança e Coordenação,"Conflitos na Relação Público-Privada: A ampliação das matas ciliares de 30 para 60 metros, sem a devida desapropriação, é um exemplo de conflito. Os proprietários dessas áreas arcam com obrigações (limpeza, IPTU) sem poder utilizá-las economicamente, gerando insatisfação. Os entrevistados defendem modelos de interação comunitária, em contraste com a abordagem punitiva atual.",0.091,ENT-009,00:49:01,2.4.1,Mobilização de investimento privado em infraestrutura climática,em_implementacao,baixa,conflito|desapropriacao|publico,"DIVERGÊNCIA SOBRE PRIORIDADE DE INVESTIMENTO. Alegação de aporte público expressivo em desapropriação e infraestrutura viária para atrair empreendimento intensivo em água, em cidade cuja captação é de ponto único. Registra o conflito entre política de atração econômica e agenda hídrica — e a ordem de grandeza citada supera em muito qualquer valor de investimento climático mencionado no corpus. Verificar na Matriz 2. SESSÃO SEM TCLE.",,,,
41,Setor Privado,3.2.4. Governança e Coordenação,"Conflitos na Relação Público-Privada: A ampliação das matas ciliares de 30 para 60 metros, sem a devida desapropriação, é um exemplo de conflito. Os proprietários dessas áreas arcam com obrigações (limpeza, IPTU) sem poder utilizá-las economicamente, gerando insatisfação. Os entrevistados defendem modelos de interação comunitária, em contraste com a abordagem punitiva atual.",0.091,ENT-016,00:21:33,2.3.3,Diversificação de receitas ambientais/climáticas,inexistente,alta,iptu|poder|privada,"ACHADO ESTRUTURANTE. Transferência de potencial construtivo e isenção fiscal condicionadas à conservação de área ambiental privada, com prazo. Converte passivo em ativo, substitui fiscalização por incentivo e não exige desembolso do município. Converge com a outorga onerosa já regulamentada em ENT-015 e com o IPTU Verde empresarial de ENT-012 — três desenhos convergentes de compensação por conservação. SESSÃO SEM TCLE.",,,,
41,Setor Privado,3.2.4. Governança e Coordenação,"Conflitos na Relação Público-Privada: A ampliação das matas ciliares de 30 para 60 metros, sem a devida desapropriação, é um exemplo de conflito. Os proprietários dessas áreas arcam com obrigações (limpeza, IPTU) sem poder utilizá-las economicamente, gerando insatisfação. Os entrevistados defendem modelos de interação comunitária, em contraste com a abordagem punitiva atual.",0.091,ENT-016,00:24:18,2.4.1,Mobilização de investimento privado em infraestrutura climática,inexistente,alta,privada|punitiva|relacao,"Avaliação categórica do setor privado organizado: a relação com a agenda ambiental municipal é exclusivamente punitiva. Contrasta com ENT-015, que descreve consciência privada elevada e legislação de compensação já aprovada — as duas leituras convivem se os instrumentos novos ainda não chegaram a quem os percebe. Divergência a resolver com a cronologia das leis. SESSÃO SEM TCLE.",,,,
42,Setor Privado,3.2.4. Governança e Coordenação,Falta de Liderança Regional: A cooperação intermunicipal é vista como inexistente ou pontual. Os entrevistados sugerem que o Estado deve assumir a liderança para criar políticas macro que orientem as ações locais.,0.294,ENT-017-ENT-018,00:34:44,4.1.1,Coordenação com Governo do Paraná/SEDEST,inexistente,alta,criar|estado|lideranca|macro|vista,"Recomendação de indução estadual da agenda climática municipal. Converge com a estratégia de ENT-015 de buscar regulamentação federal para a taxa de drenagem — em ambos os casos, o ente superior é acionado para destravar o que não avança localmente. Dimensão «Muito alta».",,,,
42,Setor Privado,3.2.4. Governança e Coordenação,Falta de Liderança Regional: A cooperação intermunicipal é vista como inexistente ou pontual. Os entrevistados sugerem que o Estado deve assumir a liderança para criar políticas macro que orientem as ações locais.,0.176,ENT-016,00:21:33,2.3.3,Diversificação de receitas ambientais/climáticas,inexistente,alta,criar|estado|politicas,"ACHADO ESTRUTURANTE. Transferência de potencial construtivo e isenção fiscal condicionadas à conservação de área ambiental privada, com prazo. Converte passivo em ativo, substitui fiscalização por incentivo e não exige desembolso do município. Converge com a outorga onerosa já regulamentada em ENT-015 e com o IPTU Verde empresarial de ENT-012 — três desenhos convergentes de compensação por conservação. SESSÃO SEM TCLE.",,,,
42,Setor Privado,3.2.4. Governança e Coordenação,Falta de Liderança Regional: A cooperação intermunicipal é vista como inexistente ou pontual. Os entrevistados sugerem que o Estado deve assumir a liderança para criar políticas macro que orientem as ações locais.,0.176,ENT-016,00:32:39,4.1.4,Coordenação regional/metropolitana com municípios vizinhos,inexistente,alta,cooperacao|estado|regional,"ACHADO SOBRE A ESCALA REGIONAL. O capital associativo de Maringá não se estende aos municípios vizinhos, ao contrário de outra região do mesmo estado. Converge com ENT-009 (vizinhos sem estrutura ambiental) e com ENT-014 (a distinção em relação ao entorno é socialmente valorizada): o principal ativo institucional da cidade termina no seu limite municipal, e é isso que trava a cooperação regional. SESSÃO SEM TCLE.",,,,
43,Setor Privado,3.2.5. Soluções Propostas,Adoção de PPPs para viabilizar grandes projetos de infraestrutura verde.,0.286,ENT-009,00:08:39,3.2.4,Dados socioeconômicos e territoriais para adaptação inclusiva,inexistente,alta,infraestrutura|verde,"Segunda confirmação da desigualdade territorial da infraestrutura verde (a primeira é ENT-007), com acréscimo relevante: o loteamento novo nasce sem arborização e a fiscalização não alcança nem o centro nem a periferia. O passivo se amplia a cada novo empreendimento. SESSÃO SEM TCLE.",,,,
43,Setor Privado,3.2.5. Soluções Propostas,Adoção de PPPs para viabilizar grandes projetos de infraestrutura verde.,0.286,ENT-009,00:17:06,2.4.2,"PPPs/concessões verdes para resíduos, mobilidade e infraestrutura",em_implementacao,media,infraestrutura|ppps,"Alegação de descumprimento do plano de saneamento por concessionária com contrato renovado. Contrasta com ENT-008, que registra repasse da mesma concessionária ao fundo ambiental: o contrato de concessão é simultaneamente fonte de recurso ambiental e objeto de inadimplemento alegado. Ponto a verificar documentalmente. SESSÃO SEM TCLE.",,,,
43,Setor Privado,3.2.5. Soluções Propostas,Adoção de PPPs para viabilizar grandes projetos de infraestrutura verde.,0.286,ENT-009,00:41:47,2.4.1,Mobilização de investimento privado em infraestrutura climática,inexistente,media,infraestrutura|verde,"Sugestão de acoplar a exigência ambiental ao vetor de expansão imobiliária que a cidade já tem, em vez de opô-la a ele. Mesma lógica da proposta de ENT-006 (usar o mercado imobiliário como canal do IPTU Verde): trabalhar com o incentivo existente, não contra ele. SESSÃO SEM TCLE.",,,,
44,Setor Privado,3.2.5. Soluções Propostas,"Inclusão Social nas Políticas: Políticas de descarbonização e arborização devem beneficiar também áreas menos desenvolvidas, não apenas regiões ricas.",0.182,ENT-017-ENT-018,00:14:24,3.2.4,Dados socioeconômicos e territoriais para adaptação inclusiva,inexistente,alta,areas|desenvolvidas,"Recomendação de equidade territorial vinda do agente financeiro. Converge com ENT-007, ENT-009 e ENT-014 sobre o gradiente centro–periferia da infraestrutura verde — e o fato de vir de quem analisa crédito indica que o recorte distributivo tem peso na avaliação do projeto, não apenas valor normativo.",,,,
44,Setor Privado,3.2.5. Soluções Propostas,"Inclusão Social nas Políticas: Políticas de descarbonização e arborização devem beneficiar também áreas menos desenvolvidas, não apenas regiões ricas.",0.091,ENT-009,00:05:44,1.1.5,Avaliação de riscos e vulnerabilidades climáticas,em_implementacao,alta,arborizacao,"Causa técnica da queda de árvores identificada na escolha de espécies exóticas de enraizamento superficial no projeto paisagístico original. É a explicação estrutural para a convergência de quatro sessões sobre arborização como vulnerabilidade — e implica substituição de estoque, não apenas manejo. SESSÃO SEM TCLE.",,,,
44,Setor Privado,3.2.5. Soluções Propostas,"Inclusão Social nas Políticas: Políticas de descarbonização e arborização devem beneficiar também áreas menos desenvolvidas, não apenas regiões ricas.",0.091,ENT-009,00:08:39,3.2.4,Dados socioeconômicos e territoriais para adaptação inclusiva,inexistente,alta,arborizacao,"Segunda confirmação da desigualdade territorial da infraestrutura verde (a primeira é ENT-007), com acréscimo relevante: o loteamento novo nasce sem arborização e a fiscalização não alcança nem o centro nem a periferia. O passivo se amplia a cada novo empreendimento. SESSÃO SEM TCLE.",,,,
45,Setor Privado,3.2.5. Soluções Propostas,"Enterramento da Fiação: Deve ser integrado a outras tecnologias urbanas de drenagem para ser efetivo, como já está sendo planejado em Curitiba.",0.182,ENT-009,00:17:06,3.2.1,Parcerias com universidades e centros de pesquisa,em_implementacao,media,drenagem|integrado,"O estudo do poço de infiltração foi produzido pela academia local e validado em campo, e não foi convertido em programa municipal. Mais um caso do padrão registrado em ENT-006: conhecimento local disponível e não integrado à decisão de investimento. SESSÃO SEM TCLE.",,,,
45,Setor Privado,3.2.5. Soluções Propostas,"Enterramento da Fiação: Deve ser integrado a outras tecnologias urbanas de drenagem para ser efetivo, como já está sendo planejado em Curitiba.",0.182,ENT-017-ENT-018,00:12:54,2.1.5,Estratégia financeira para adaptação e resiliência,em_implementacao,alta,drenagem|outras,"Parque como infraestrutura de drenagem, financiável por concessão. Responde diretamente ao alagamento de microdrenagem diagnosticado em ENT-010-ENT-011 e converge com os poços de infiltração de ENT-009 e os jardins de chuva de ENT-006 e ENT-012 — todas soluções baseadas na natureza, e esta com modelo de financiamento associado.",,,,
45,Setor Privado,3.2.5. Soluções Propostas,"Enterramento da Fiação: Deve ser integrado a outras tecnologias urbanas de drenagem para ser efetivo, como já está sendo planejado em Curitiba.",0.182,ENT-017-ENT-018,00:15:41,2.4.2,"PPPs/concessões verdes para resíduos, mobilidade e infraestrutura",em_elaboracao,alta,drenagem|enterramento,"ACHADO DECISIVO. Existe modelo de PPP em estruturação para enterramento de rede elétrica em município do mesmo estado, com a recomendação técnica de combiná-lo a infraestrutura de drenagem na mesma obra. Responde diretamente à disputa registrada em ENT-005 e à proposta de estudo faseado de ENT-007 — o instrumento financeiro para a medida mais cara do corpus existe e tem precedente regional.",,,,
46,Setor Privado,3.2.5. Soluções Propostas,Diálogo Colaborativo: O poder público precisa abrir espaço para um diálogo mais colaborativo e simplificar seus processos.,0.375,ENT-016,00:28:43,4.2.3,"Participação de conselhos, COMDEMA e sociedade civil",inexistente,alta,dialogo|poder|publico,O canal de diálogo entre setor privado organizado e administração ambiental é avaliado como insuficiente. Converge com a carta sem resposta de ENT-007 e as 25 propostas sem desdobramento de ENT-009 — três setores distintos relatando ausência de fluxo institucional de recepção e resposta a proposta externa. SESSÃO SEM TCLE.,,,,
46,Setor Privado,3.2.5. Soluções Propostas,Diálogo Colaborativo: O poder público precisa abrir espaço para um diálogo mais colaborativo e simplificar seus processos.,0.25,ENT-009,00:31:11,4.2.3,"Participação de conselhos, COMDEMA e sociedade civil",inexistente,alta,poder|publico,"SEGUNDA OFERTA TÉCNICA ENTREGUE E SEM DESDOBRAMENTO. Documento com 25 propostas fundamentadas entregue diretamente ao Executivo, sem retorno relatado. Converge exatamente com a carta de ENT-007: a sociedade civil técnica de Maringá produz e entrega proposta ao poder público, e não há fluxo institucional que a receba, avalie e responda. SESSÃO SEM TCLE.",,,,
46,Setor Privado,3.2.5. Soluções Propostas,Diálogo Colaborativo: O poder público precisa abrir espaço para um diálogo mais colaborativo e simplificar seus processos.,0.25,ENT-017-ENT-018,00:34:44,4.1.1,Coordenação com Governo do Paraná/SEDEST,inexistente,alta,poder|publico,"Recomendação de indução estadual da agenda climática municipal. Converge com a estratégia de ENT-015 de buscar regulamentação federal para a taxa de drenagem — em ambos os casos, o ente superior é acionado para destravar o que não avança localmente. Dimensão «Muito alta».",,,,
47,Academia,"3.3.1. Política Climática: incorporação, riscos e desafios","Ações Positivas e Contraditórias: Há reconhecimento de ações positivas pontuais, como o plano de arborização (buscando espécies adaptadas) e o IPTU Verde. No entanto, essas são ofuscadas por exemplos negativos de design urbano, como a remodelação da praça da Catedral (substituição de áreas verdes por pisos permeáveis, gerando ilhas de calor) e a implantação de ciclovias em áreas de alagamento (ex: Avenida Guaiapó).",0.171,ENT-006,00:15:00,1.1.5,Avaliação de riscos e vulnerabilidades climáticas,em_implementacao,alta,calor|catedral|permeaveis|pisos|praca|verde,"Segundo caso de perda de cobertura vegetal por obra recente, no espaço público mais simbólico da cidade, com efeito declarado sobre conforto térmico e sobre o uso do lugar. Reforça que o vetor mais ativo de agravamento do risco térmico em Maringá é a própria obra pública.",,,,
47,Academia,"3.3.1. Política Climática: incorporação, riscos e desafios","Ações Positivas e Contraditórias: Há reconhecimento de ações positivas pontuais, como o plano de arborização (buscando espécies adaptadas) e o IPTU Verde. No entanto, essas são ofuscadas por exemplos negativos de design urbano, como a remodelação da praça da Catedral (substituição de áreas verdes por pisos permeáveis, gerando ilhas de calor) e a implantação de ciclovias em áreas de alagamento (ex: Avenida Guaiapó).",0.143,ENT-006,00:11:11,1.1.5,Avaliação de riscos e vulnerabilidades climáticas,em_implementacao,alta,alagamento|ciclovias|implantacao|substituicao|verde,"Risco de alagamento confirmado, e imediatamente associado a uma causa de política pública municipal: a substituição de canteiro gramado por pavimento na implantação de ciclovia. Não é o clima agindo sobre a cidade, é a obra recente ampliando a exposição.",,,,
47,Academia,"3.3.1. Política Climática: incorporação, riscos e desafios","Ações Positivas e Contraditórias: Há reconhecimento de ações positivas pontuais, como o plano de arborização (buscando espécies adaptadas) e o IPTU Verde. No entanto, essas são ofuscadas por exemplos negativos de design urbano, como a remodelação da praça da Catedral (substituição de áreas verdes por pisos permeáveis, gerando ilhas de calor) e a implantação de ciclovias em áreas de alagamento (ex: Avenida Guaiapó).",0.086,ENT-006,00:17:31,1.1.4,Estratégia de adaptação com metas claras,regulamentado,alta,arborizacao|especies|plano,ACHADO POSITIVO. Existe instrumento setorial revisado com critério explícito de adaptação climática — a seleção de espécies arbóreas por aptidão ao clima futuro. É a única política municipal citada no corpus que incorporou critério climático sem se chamar de política climática.,,,,
48,Academia,"3.3.1. Política Climática: incorporação, riscos e desafios","Riscos e Vulnerabilidades Ignorados: Os acadêmicos apontam riscos já conhecidos, como:",0.5,ENT-019,00:04:20,1.1.5,Avaliação de riscos e vulnerabilidades climáticas,em_implementacao,alta,apontam|riscos|vulnerabilidades,"Oitava confirmação do par arborização envelhecida–tempestade severa como risco principal. O corpus inteiro converge nesse ponto: nove das dezessete sessões o apontam, em quatro setores.",,,,
48,Academia,"3.3.1. Política Climática: incorporação, riscos e desafios","Riscos e Vulnerabilidades Ignorados: Os acadêmicos apontam riscos já conhecidos, como:",0.333,ENT-006,00:11:11,1.1.5,Avaliação de riscos e vulnerabilidades climáticas,em_implementacao,alta,riscos|vulnerabilidades,"Risco de alagamento confirmado, e imediatamente associado a uma causa de política pública municipal: a substituição de canteiro gramado por pavimento na implantação de ciclovia. Não é o clima agindo sobre a cidade, é a obra recente ampliando a exposição.",,,,
48,Academia,"3.3.1. Política Climática: incorporação, riscos e desafios","Riscos e Vulnerabilidades Ignorados: Os acadêmicos apontam riscos já conhecidos, como:",0.333,ENT-006,00:12:51,1.1.5,Avaliação de riscos e vulnerabilidades climáticas,em_implementacao,alta,riscos|vulnerabilidades,"DIVERGÊNCIA. Uma intervenção de mobilidade sustentável foi executada em ponto com histórico conhecido de alagamento, impermeabilizando-o ainda mais. A ação climática de um setor agrava o risco climático de outro — caso concreto de maladaptação por falta de coordenação, e o único do corpus com localização precisa.",,,,
49,Academia,"3.3.1. Política Climática: incorporação, riscos e desafios","Tempestades e Arborização: Eventos severos que derrubam árvores antigas, causando acidentes e cortes de energia.",0.364,ENT-020,00:04:56,1.1.5,Avaliação de riscos e vulnerabilidades climáticas,em_implementacao,alta,acidentes|arborizacao|arvores|energia,"Nona e última confirmação do corpus sobre o par vento–arborização, com os três agravantes acumulados: idade, porte e poda irregular. A poda irregular liga este achado à fila de espera relatada em ENT-007 e ao prazo de oito meses de ENT-016 — o déficit de capacidade administrativa produz, por essa via, o próprio dano.",,,,
49,Academia,"3.3.1. Política Climática: incorporação, riscos e desafios","Tempestades e Arborização: Eventos severos que derrubam árvores antigas, causando acidentes e cortes de energia.",0.273,ENT-019,00:04:20,1.1.5,Avaliação de riscos e vulnerabilidades climáticas,em_implementacao,alta,arborizacao|arvores|tempestades,"Oitava confirmação do par arborização envelhecida–tempestade severa como risco principal. O corpus inteiro converge nesse ponto: nove das dezessete sessões o apontam, em quatro setores.",,,,
49,Academia,"3.3.1. Política Climática: incorporação, riscos e desafios","Tempestades e Arborização: Eventos severos que derrubam árvores antigas, causando acidentes e cortes de energia.",0.182,ENT-006,00:45:34,1.2.2,Capacidade institucional para executar ações climáticas,em_implementacao,media,arborizacao|arvores,"A resposta à insuficiência de equipe própria foi a terceirização do serviço de manejo arbóreo, avaliada positivamente por seu efeito na redução de ocorrências. Solução de capacidade por contrato, e não por quadro — mesmo padrão do contrato com ICT externa em ENT-003.",,,,
50,Academia,"3.3.1. Política Climática: incorporação, riscos e desafios",Alagamentos e Drenagem: O sistema de drenagem atual (galerias pluviais) é incapaz de lidar com as chuvas intensas e a impermeabilização do solo.,0.417,ENT-020,00:04:56,1.1.5,Avaliação de riscos e vulnerabilidades climáticas,em_implementacao,alta,atual|drenagem|galerias|pluviais|sistema,"Encadeamento causal completo, em quatro elos: calor, alagamento em cotas baixas, subdimensionamento das galerias e erosão dos canais receptores nas duas bacias. É a formulação técnica mais completa do corpus e reconcilia as leituras de ENT-008 (erosão) e ENT-010-ENT-011 (microdrenagem): são o mesmo processo em pontos distintos do percurso da água.",,,,
50,Academia,"3.3.1. Política Climática: incorporação, riscos e desafios",Alagamentos e Drenagem: O sistema de drenagem atual (galerias pluviais) é incapaz de lidar com as chuvas intensas e a impermeabilização do solo.,0.25,ENT-006,00:11:11,1.1.5,Avaliação de riscos e vulnerabilidades climáticas,em_implementacao,alta,alagamentos|drenagem|impermeabilizacao,"Risco de alagamento confirmado, e imediatamente associado a uma causa de política pública municipal: a substituição de canteiro gramado por pavimento na implantação de ciclovia. Não é o clima agindo sobre a cidade, é a obra recente ampliando a exposição.",,,,
50,Academia,"3.3.1. Política Climática: incorporação, riscos e desafios",Alagamentos e Drenagem: O sistema de drenagem atual (galerias pluviais) é incapaz de lidar com as chuvas intensas e a impermeabilização do solo.,0.25,ENT-019,00:04:20,1.1.5,Avaliação de riscos e vulnerabilidades climáticas,em_implementacao,alta,chuvas|drenagem|intensas,Elevação térmica com efeito sobre o modo de vida e chuva concentrada excedendo a capacidade da rede. Converge com a série histórica de ENT-010-ENT-011 e com o diagnóstico de ENT-012 sobre concentração da precipitação.,,,,
51,Academia,"3.3.1. Política Climática: incorporação, riscos e desafios",Verticalização e Espraiamento: A falta de estudos sobre o impacto da alta densidade (prédios de até 40 pavimentos) e o espraiamento urbano para áreas distantes são lacunas críticas.,0.538,ENT-019,00:19:57,3.2.5,Integração dos dados em planejamento e projetos financiáveis,inexistente,alta,alta|areas|densidade|impacto|pavimentos|urbano|verticalizacao,"LACUNA PRIORITÁRIA APONTADA PELA ACADEMIA. Não há avaliação do efeito da verticalização sobre impermeabilização, drenagem e conforto térmico. Converge com o adensamento no entorno do parque relatado em ENT-007 e com a pressão sobre a lei de gabarito de ENT-006 — a cidade está adensando sem saber o efeito climático disso. Dimensão «Muito alta».",,,,
51,Academia,"3.3.1. Política Climática: incorporação, riscos e desafios",Verticalização e Espraiamento: A falta de estudos sobre o impacto da alta densidade (prédios de até 40 pavimentos) e o espraiamento urbano para áreas distantes são lacunas críticas.,0.231,ENT-006,00:16:16,1.2.1,Responsabilidades institucionais para implementação climática,inexistente,alta,alta|impacto|urbano,LACUNA DE ATRIBUIÇÃO. Não há instância que avalie o efeito climático de obras conduzidas por outras pastas. A responsabilidade climática está alocada em um órgão e o impacto climático é produzido nos demais — desenho institucional que torna a maladaptação previsível. Dimensão «Muito alta».,,,,
51,Academia,"3.3.1. Política Climática: incorporação, riscos e desafios",Verticalização e Espraiamento: A falta de estudos sobre o impacto da alta densidade (prédios de até 40 pavimentos) e o espraiamento urbano para áreas distantes são lacunas críticas.,0.231,ENT-006,00:27:41,3.2.1,Parcerias com universidades e centros de pesquisa,inexistente,alta,alta|estudos|lacunas,"LACUNA CENTRAL. A universidade privada não tem canal com o município. Confirma, de outro ponto do sistema, o achado de ENT-004: a parceria científica registrada em ENT-003 é um caso isolado no órgão ambiental, não uma prática municipal. Dimensão «Muito alta».",,,,
52,Academia,"3.3.1. Política Climática: incorporação, riscos e desafios",Erosão: Aumento da erosão em canais naturais das bacias do Pirapó e Ivaí.,0.857,ENT-020,00:04:56,1.1.5,Avaliação de riscos e vulnerabilidades climáticas,em_implementacao,alta,bacias|canais|erosao|ivai|naturais|pirapo,"Encadeamento causal completo, em quatro elos: calor, alagamento em cotas baixas, subdimensionamento das galerias e erosão dos canais receptores nas duas bacias. É a formulação técnica mais completa do corpus e reconcilia as leituras de ENT-008 (erosão) e ENT-010-ENT-011 (microdrenagem): são o mesmo processo em pontos distintos do percurso da água.",,,,
52,Academia,"3.3.1. Política Climática: incorporação, riscos e desafios",Erosão: Aumento da erosão em canais naturais das bacias do Pirapó e Ivaí.,0.143,ENT-006,00:15:00,1.1.5,Avaliação de riscos e vulnerabilidades climáticas,em_implementacao,alta,aumento,"Segundo caso de perda de cobertura vegetal por obra recente, no espaço público mais simbólico da cidade, com efeito declarado sobre conforto térmico e sobre o uso do lugar. Reforça que o vetor mais ativo de agravamento do risco térmico em Maringá é a própria obra pública.",,,,
52,Academia,"3.3.1. Política Climática: incorporação, riscos e desafios",Erosão: Aumento da erosão em canais naturais das bacias do Pirapó e Ivaí.,0.143,ENT-019,00:19:57,4.1.4,Coordenação regional/metropolitana com municípios vizinhos,inexistente,alta,bacias,"Argumento técnico pela escala regional: bacias, remanescentes florestais e mobilidade pendular atravessam os limites municipais. Converge com ENT-014 (cidade dormitório) e ENT-010-ENT-011 (vulnerabilidade na faixa de conurbação). Dimensão «Alta».",,,,
53,Academia,"3.3.1. Política Climática: incorporação, riscos e desafios","Desafios Estruturais: Os principais desafios são a falta de uma cultura de planejamento preventivo, a desconexão entre ciência e política e a carência de fiscalização (ex: falta de coleta seletiva em grandes condomínios e pontos de coleta de lixo eletrônico desorganizados).",0.158,ENT-006,00:21:09,1.2.2,Capacidade institucional para executar ações climáticas,inexistente,alta,coleta|fiscalizacao|seletiva,A capacidade de fiscalização ambiental é insuficiente para induzir cumprimento sem autuação. Relato inclui fauna silvestre de área de proteção adjacente alimentando-se em caçambas de resíduo do condomínio — falha de fiscalização com efeito ecológico direto.,,,,
53,Academia,"3.3.1. Política Climática: incorporação, riscos e desafios","Desafios Estruturais: Os principais desafios são a falta de uma cultura de planejamento preventivo, a desconexão entre ciência e política e a carência de fiscalização (ex: falta de coleta seletiva em grandes condomínios e pontos de coleta de lixo eletrônico desorganizados).",0.105,ENT-006,00:11:11,1.1.5,Avaliação de riscos e vulnerabilidades climáticas,em_implementacao,alta,politica|pontos,"Risco de alagamento confirmado, e imediatamente associado a uma causa de política pública municipal: a substituição de canteiro gramado por pavimento na implantação de ciclovia. Não é o clima agindo sobre a cidade, é a obra recente ampliando a exposição.",,,,
53,Academia,"3.3.1. Política Climática: incorporação, riscos e desafios","Desafios Estruturais: Os principais desafios são a falta de uma cultura de planejamento preventivo, a desconexão entre ciência e política e a carência de fiscalização (ex: falta de coleta seletiva em grandes condomínios e pontos de coleta de lixo eletrônico desorganizados).",0.105,ENT-006,00:17:31,2.3.1,Mobilização de receitas próprias para clima,regulamentado,alta,coleta|lixo,"Quarta menção espontânea ao IPTU Verde, agora da academia e com detalhamento dos critérios técnicos premiados. O instrumento é reconhecido transversalmente por todos os setores entrevistados — e é o único que ocupa esse lugar no corpus.",,,,
54,Academia,"3.3.2. Finanças: orçamento, financiamento e captação de recursos","Necessidade de Novo Modelo de Contratação: Os acadêmicos criticam o modelo atual de ""prestação de serviços"" ou consultoria paga. Sugerem que a prefeitura adote editais de licitação públicos (similares aos da FAPESP), com metas, prazos e produtos definidos. Isso permitiria à universidade entregar resultados específicos, garantindo que o recurso público tenha retorno mensurável.",0.212,ENT-020,00:26:28,3.2.1,Parcerias com universidades e centros de pesquisa,inexistente,alta,licitacao|metas|modelo|prazos|prefeitura|produtos|resultados,"PROPOSTA OPERACIONAL COMPLETA. Edital municipal de pesquisa aplicada com metas, prazos, produtos e cláusula de devolução, operado pelo instituto de planejamento, no modelo das fundações estaduais de amparo. Resolve simultaneamente a lacuna de parceria científica, a competição entre instituições e a ausência de produto — e converge com o papel de «cérebro» que ENT-015 atribui ao mesmo instituto.",,,,
54,Academia,"3.3.2. Finanças: orçamento, financiamento e captação de recursos","Necessidade de Novo Modelo de Contratação: Os acadêmicos criticam o modelo atual de ""prestação de serviços"" ou consultoria paga. Sugerem que a prefeitura adote editais de licitação públicos (similares aos da FAPESP), com metas, prazos e produtos definidos. Isso permitiria à universidade entregar resultados específicos, garantindo que o recurso público tenha retorno mensurável.",0.061,ENT-006,00:19:57,2.4.1,Mobilização de investimento privado em infraestrutura climática,inexistente,alta,prefeitura|publico,"OPORTUNIDADE. Usar o mercado imobiliário como canal de difusão do IPTU Verde, alinhando o interesse comercial do corretor ao do instrumento. Custo público próximo de zero e resposta direta à lacuna de alcance informacional registrada em ENT-004.",,,,
54,Academia,"3.3.2. Finanças: orçamento, financiamento e captação de recursos","Necessidade de Novo Modelo de Contratação: Os acadêmicos criticam o modelo atual de ""prestação de serviços"" ou consultoria paga. Sugerem que a prefeitura adote editais de licitação públicos (similares aos da FAPESP), com metas, prazos e produtos definidos. Isso permitiria à universidade entregar resultados específicos, garantindo que o recurso público tenha retorno mensurável.",0.061,ENT-006,00:21:09,3.1.1,Sistema municipal de dados climáticos e territoriais,inexistente,alta,prefeitura|publico,"DIVERGÊNCIA VERIFICADA EM CAMPO. A informação publicada pelo município sobre pontos de destinação de resíduo eletrônico não corresponde à realidade, constatado por tentativa direta da participante. O dado público existe e está errado — o que é pior que ausência de dado para qualquer decisão que dele dependa.",,,,
55,Academia,"3.3.2. Finanças: orçamento, financiamento e captação de recursos","Potencial de Mecanismos como o IPTU Verde: Embora o IPTU Verde seja reconhecido como uma ferramenta positiva, sua divulgação é considerada insuficiente, especialmente para novos moradores. Propõe-se a criação de parcerias com o mercado imobiliário para ampliar seu alcance. A crítica principal é a de que o poder público não explora plenamente o potencial de incentivos fiscais para alavancar a sustentabilidade e a pesquisa aplicada.",0.206,ENT-006,00:19:57,2.4.1,Mobilização de investimento privado em infraestrutura climática,inexistente,alta,alcance|divulgacao|imobiliario|iptu|mercado|publico|verde,"OPORTUNIDADE. Usar o mercado imobiliário como canal de difusão do IPTU Verde, alinhando o interesse comercial do corretor ao do instrumento. Custo público próximo de zero e resposta direta à lacuna de alcance informacional registrada em ENT-004.",,,,
55,Academia,"3.3.2. Finanças: orçamento, financiamento e captação de recursos","Potencial de Mecanismos como o IPTU Verde: Embora o IPTU Verde seja reconhecido como uma ferramenta positiva, sua divulgação é considerada insuficiente, especialmente para novos moradores. Propõe-se a criação de parcerias com o mercado imobiliário para ampliar seu alcance. A crítica principal é a de que o poder público não explora plenamente o potencial de incentivos fiscais para alavancar a sustentabilidade e a pesquisa aplicada.",0.118,ENT-019,00:11:11,3.2.1,Parcerias com universidades e centros de pesquisa,inexistente,alta,incentivos|parcerias|pesquisa|seja,"ACHADO DE INCENTIVO ALINHADO. A exigência institucional de extensão universitária cria demanda por problemas reais, do mesmo modo que a prefeitura demanda base técnica. Os incentivos das duas instituições já apontam na mesma direção e o único elo ausente é o canal — o que torna essa a lacuna mais barata de fechar em todo o diagnóstico.",,,,
55,Academia,"3.3.2. Finanças: orçamento, financiamento e captação de recursos","Potencial de Mecanismos como o IPTU Verde: Embora o IPTU Verde seja reconhecido como uma ferramenta positiva, sua divulgação é considerada insuficiente, especialmente para novos moradores. Propõe-se a criação de parcerias com o mercado imobiliário para ampliar seu alcance. A crítica principal é a de que o poder público não explora plenamente o potencial de incentivos fiscais para alavancar a sustentabilidade e a pesquisa aplicada.",0.088,ENT-006,00:17:31,2.3.1,Mobilização de receitas próprias para clima,regulamentado,alta,iptu|reconhecido|verde,"Quarta menção espontânea ao IPTU Verde, agora da academia e com detalhamento dos critérios técnicos premiados. O instrumento é reconhecido transversalmente por todos os setores entrevistados — e é o único que ocupa esse lugar no corpus.",,,,
56,Academia,"3.3.2. Finanças: orçamento, financiamento e captação de recursos","Priorização de Recursos e Interesses Econômicos: Há a percepção de que a agenda ambiental (e, por extensão, a climática) é submetida a interesses econômicos, sendo secundária na alocação de recursos. A agenda climática fica atrás da agenda ambiental, que por sua vez cede espaço a interesses do mercado imobiliário, que pressiona por alterações nas leis de zoneamento.",0.13,ENT-006,00:19:57,2.4.1,Mobilização de investimento privado em infraestrutura climática,inexistente,alta,climatica|imobiliario|mercado,"OPORTUNIDADE. Usar o mercado imobiliário como canal de difusão do IPTU Verde, alinhando o interesse comercial do corretor ao do instrumento. Custo público próximo de zero e resposta direta à lacuna de alcance informacional registrada em ENT-004.",,,,
56,Academia,"3.3.2. Finanças: orçamento, financiamento e captação de recursos","Priorização de Recursos e Interesses Econômicos: Há a percepção de que a agenda ambiental (e, por extensão, a climática) é submetida a interesses econômicos, sendo secundária na alocação de recursos. A agenda climática fica atrás da agenda ambiental, que por sua vez cede espaço a interesses do mercado imobiliário, que pressiona por alterações nas leis de zoneamento.",0.13,ENT-006,00:40:06,1.1.8,Revisão periódica da política climática,regulamentado,media,climatica|imobiliario|mercado,"DIVERGÊNCIA PROSPECTIVA. Instrumento urbanístico que protege área verde central está sob pressão do mercado imobiliário, com expectativa declarada de revogação. A revisão da política pode se dar em sentido contrário ao da adaptação — risco de retrocesso regulatório que nenhum instrumento municipal monitora.",,,,
56,Academia,"3.3.2. Finanças: orçamento, financiamento e captação de recursos","Priorização de Recursos e Interesses Econômicos: Há a percepção de que a agenda ambiental (e, por extensão, a climática) é submetida a interesses econômicos, sendo secundária na alocação de recursos. A agenda climática fica atrás da agenda ambiental, que por sua vez cede espaço a interesses do mercado imobiliário, que pressiona por alterações nas leis de zoneamento.",0.13,ENT-020,00:06:45,1.1.6,Alinhamento da adaptação com políticas nacionais/estaduais,inexistente,alta,agenda|alteracoes|climatica,"ACHADO DEFINITIVO. O plano diretor vigente, aprovado há menos de dois anos, foi calibrado com série climática antiga e não incorpora a variável climática. É a evidência mais forte do corpus sobre desalinhamento do instrumento urbanístico central com a agenda climática — e explica, na origem, a maladaptação documentada em ENT-006, a pressão sobre áreas verdes de ENT-007 e o subdimensionamento da drenagem apontado por todos.",,,,
57,Academia,"3.3.3. Dados, Monitoramento e Planejamento","Inexistência de Dados Públicos e Sistematizados: Os acadêmicos afirmam desconhecer a existência de dados sistematizados e públicos sobre a questão climática em Maringá. O município possui apenas dados genéricos (ex: IBGE) e carece de monitoramento meteorológico (precipitação, ventos) e informações detalhadas sobre vegetação urbana para a tomada de decisão.",0.192,ENT-020,00:06:45,1.1.6,Alinhamento da adaptação com políticas nacionais/estaduais,inexistente,alta,climatica|dados|maringa|precipitacao|ventos,"ACHADO DEFINITIVO. O plano diretor vigente, aprovado há menos de dois anos, foi calibrado com série climática antiga e não incorpora a variável climática. É a evidência mais forte do corpus sobre desalinhamento do instrumento urbanístico central com a agenda climática — e explica, na origem, a maladaptação documentada em ENT-006, a pressão sobre áreas verdes de ENT-007 e o subdimensionamento da drenagem apontado por todos.",,,,
57,Academia,"3.3.3. Dados, Monitoramento e Planejamento","Inexistência de Dados Públicos e Sistematizados: Os acadêmicos afirmam desconhecer a existência de dados sistematizados e públicos sobre a questão climática em Maringá. O município possui apenas dados genéricos (ex: IBGE) e carece de monitoramento meteorológico (precipitação, ventos) e informações detalhadas sobre vegetação urbana para a tomada de decisão.",0.192,ENT-020,00:11:10,3.1.1,Sistema municipal de dados climáticos e territoriais,inexistente,alta,dados|monitoramento|municipio|tomada|ventos,ACHADO CRÍTICO. Existe estação meteorológica de referência na universidade local e seus dados não alimentam o planejamento municipal. Converge com ENT-003 (dados meteorológicos primários de duas estações circulando sem instrumento formal) e qualifica a rede de vinte estações em contratação (ENT-015): o município está comprando capacidade de monitoramento sem antes ter incorporado a que já existe na cidade. Dimensão «Muito alta».,,,,
57,Academia,"3.3.3. Dados, Monitoramento e Planejamento","Inexistência de Dados Públicos e Sistematizados: Os acadêmicos afirmam desconhecer a existência de dados sistematizados e públicos sobre a questão climática em Maringá. O município possui apenas dados genéricos (ex: IBGE) e carece de monitoramento meteorológico (precipitação, ventos) e informações detalhadas sobre vegetação urbana para a tomada de decisão.",0.154,ENT-019,00:09:17,3.1.1,Sistema municipal de dados climáticos e territoriais,inexistente,alta,climatica|dados|questao|sistematizados,"LACUNA DE PUBLICIDADE. Pesquisador vinculado à universidade pública local desconhece qualquer base climática municipal sistematizada e pública. Converge com ENT-004, ENT-009, ENT-013 e ENT-014 — e a ressalva «talvez existam» é ela mesma parte do achado: o dado, quando existe, não é conhecido nem por quem trabalharia com ele. Dimensão «Muito alta».",,,,
58,Academia,"3.3.3. Dados, Monitoramento e Planejamento","Desconexão Academia-Prefeitura: Há uma forte percepção de que o vasto conhecimento produzido na universidade (sobre ilhas de calor, fundos de vale, impacto da verticalização) não é acessado ou utilizado pela prefeitura. Apesar de muitos técnicos municipais terem formação nas universidades locais, falta um diálogo efetivo e sistematizado. A metáfora da ""Avenida [participante] como barreira simbólica"" ilustra essa desconexão.",0.147,ENT-020,00:22:28,3.2.1,Parcerias com universidades e centros de pesquisa,inexistente,alta,academia|conhecimento|prefeitura|universidade|universidades,"Quarta confirmação da lacuna de parceria científica (com ENT-006, ENT-012 e ENT-019). O acesso ao conhecimento acadêmico depende de relação pessoal com dirigentes — mesmo padrão de personalização que ENT-003 registra na coordenação horizontal e ENT-015 na titularidade da agenda. Dimensão «Muito alta».",,,,
58,Academia,"3.3.3. Dados, Monitoramento e Planejamento","Desconexão Academia-Prefeitura: Há uma forte percepção de que o vasto conhecimento produzido na universidade (sobre ilhas de calor, fundos de vale, impacto da verticalização) não é acessado ou utilizado pela prefeitura. Apesar de muitos técnicos municipais terem formação nas universidades locais, falta um diálogo efetivo e sistematizado. A metáfora da ""Avenida [participante] como barreira simbólica"" ilustra essa desconexão.",0.118,ENT-006,00:27:41,3.2.1,Parcerias com universidades e centros de pesquisa,inexistente,alta,academia|desconexao|universidade|universidades,"LACUNA CENTRAL. A universidade privada não tem canal com o município. Confirma, de outro ponto do sistema, o achado de ENT-004: a parceria científica registrada em ENT-003 é um caso isolado no órgão ambiental, não uma prática municipal. Dimensão «Muito alta».",,,,
58,Academia,"3.3.3. Dados, Monitoramento e Planejamento","Desconexão Academia-Prefeitura: Há uma forte percepção de que o vasto conhecimento produzido na universidade (sobre ilhas de calor, fundos de vale, impacto da verticalização) não é acessado ou utilizado pela prefeitura. Apesar de muitos técnicos municipais terem formação nas universidades locais, falta um diálogo efetivo e sistematizado. A metáfora da ""Avenida [participante] como barreira simbólica"" ilustra essa desconexão.",0.118,ENT-019,00:11:11,3.2.1,Parcerias com universidades e centros de pesquisa,inexistente,alta,dialogo|prefeitura|universidade|universidades,"ACHADO DE INCENTIVO ALINHADO. A exigência institucional de extensão universitária cria demanda por problemas reais, do mesmo modo que a prefeitura demanda base técnica. Os incentivos das duas instituições já apontam na mesma direção e o único elo ausente é o canal — o que torna essa a lacuna mais barata de fechar em todo o diagnóstico.",,,,
59,Academia,"3.3.3. Dados, Monitoramento e Planejamento","Dados Desatualizados no Planejamento: O Plano Diretor de 2024-2025 é citado como um exemplo crítico, pois utiliza dados climatológicos de décadas passadas, ignorando as mudanças climáticas atuais. Isso evidencia uma falha grave no planejamento de longo prazo.",0.524,ENT-020,00:06:45,1.1.6,Alinhamento da adaptação com políticas nacionais/estaduais,inexistente,alta,climaticas|climatologicos|dados|decadas|diretor|evidencia|mudancas|passadas,"ACHADO DEFINITIVO. O plano diretor vigente, aprovado há menos de dois anos, foi calibrado com série climática antiga e não incorpora a variável climática. É a evidência mais forte do corpus sobre desalinhamento do instrumento urbanístico central com a agenda climática — e explica, na origem, a maladaptação documentada em ENT-006, a pressão sobre áreas verdes de ENT-007 e o subdimensionamento da drenagem apontado por todos.",,,,
59,Academia,"3.3.3. Dados, Monitoramento e Planejamento","Dados Desatualizados no Planejamento: O Plano Diretor de 2024-2025 é citado como um exemplo crítico, pois utiliza dados climatológicos de décadas passadas, ignorando as mudanças climáticas atuais. Isso evidencia uma falha grave no planejamento de longo prazo.",0.143,ENT-006,00:17:31,1.1.4,Estratégia de adaptação com metas claras,regulamentado,alta,climaticas|mudancas|plano,ACHADO POSITIVO. Existe instrumento setorial revisado com critério explícito de adaptação climática — a seleção de espécies arbóreas por aptidão ao clima futuro. É a única política municipal citada no corpus que incorporou critério climático sem se chamar de política climática.,,,,
59,Academia,"3.3.3. Dados, Monitoramento e Planejamento","Dados Desatualizados no Planejamento: O Plano Diretor de 2024-2025 é citado como um exemplo crítico, pois utiliza dados climatológicos de décadas passadas, ignorando as mudanças climáticas atuais. Isso evidencia uma falha grave no planejamento de longo prazo.",0.143,ENT-006,00:38:02,3.2.3,"Dados de risco, vulnerabilidade e exposição",em_elaboracao,alta,climaticas|dados|mudancas,Há pesquisa doutoral iniciando sobre gradiente térmico metropolitano por geoprocessamento — exatamente o tipo de dado de exposição que o município não produz. A entrevistadora registra que a informação era desconhecida da equipe: o dado de risco está sendo gerado sem que a prefeitura saiba.,,,,
60,Academia,"3.3.3. Dados, Monitoramento e Planejamento","Estudos Acadêmicos como Subsídio Perdido: Existem estudos acadêmicos (ex: sobre o potencial bioclimático dos fundos de vale, variações de temperatura na transição Maringá-Sarandi e retrofit sustentável do IBC) que poderiam subsidiar a gestão, mas são frequentemente ignorados ou não chegam ao poder público.",0.208,ENT-020,00:16:53,2.1.5,Estratégia financeira para adaptação e resiliência,inexistente,alta,bioclimatico|fundos|potencial|publico|vale,"PRIORIDADE DE INVESTIMENTO COM VANTAGEM DECISIVA. O principal ativo climático da cidade já é domínio público: não há custo de desapropriação nem litígio fundiário. Converge com ENT-015, ENT-016, ENT-017-ENT-018 e ENT-019 — seis sessões apontam o fundo de vale como prioridade, e esta acrescenta a razão que o torna o investimento mais viável do conjunto.",,,,
60,Academia,"3.3.3. Dados, Monitoramento e Planejamento","Estudos Acadêmicos como Subsídio Perdido: Existem estudos acadêmicos (ex: sobre o potencial bioclimático dos fundos de vale, variações de temperatura na transição Maringá-Sarandi e retrofit sustentável do IBC) que poderiam subsidiar a gestão, mas são frequentemente ignorados ou não chegam ao poder público.",0.167,ENT-019,00:07:35,2.1.5,Estratégia financeira para adaptação e resiliência,inexistente,alta,fundos|poderiam|publico|vale,"Prioridade convergente: qualificação dos fundos de vale como infraestrutura verde de uso público e função climática. Converge com o parque-esponja de ENT-017-ENT-018, a passarela suspensa de ENT-015, a trilha de ENT-016 e o uso público de ENT-016 — cinco sessões de quatro setores apontando o mesmo território como prioridade de investimento.",,,,
60,Academia,"3.3.3. Dados, Monitoramento e Planejamento","Estudos Acadêmicos como Subsídio Perdido: Existem estudos acadêmicos (ex: sobre o potencial bioclimático dos fundos de vale, variações de temperatura na transição Maringá-Sarandi e retrofit sustentável do IBC) que poderiam subsidiar a gestão, mas são frequentemente ignorados ou não chegam ao poder público.",0.125,ENT-006,00:15:00,1.1.5,Avaliação de riscos e vulnerabilidades climáticas,em_implementacao,alta,maringa|publico|temperatura,"Segundo caso de perda de cobertura vegetal por obra recente, no espaço público mais simbólico da cidade, com efeito declarado sobre conforto térmico e sobre o uso do lugar. Reforça que o vetor mais ativo de agravamento do risco térmico em Maringá é a própria obra pública.",,,,
61,Academia,3.3.4. Governança e Coordenação,"Gestão Reativa e Improvisada: A atuação da prefeitura é classificada como improvisada e reativa, focada em ações paliativas em vez de um planejamento preventivo e estruturado. A gestão ""reage aos problemas sem planejamento preventivo"", o que é evidenciado pela falta de aplicação de planos existentes, como o plano de manejo para arborização.",0.238,ENT-019,00:11:11,3.2.1,Parcerias com universidades e centros de pesquisa,inexistente,alta,acoes|aplicacao|planejamento|prefeitura|problemas,"ACHADO DE INCENTIVO ALINHADO. A exigência institucional de extensão universitária cria demanda por problemas reais, do mesmo modo que a prefeitura demanda base técnica. Os incentivos das duas instituições já apontam na mesma direção e o único elo ausente é o canal — o que torna essa a lacuna mais barata de fechar em todo o diagnóstico.",,,,
61,Academia,3.3.4. Governança e Coordenação,"Gestão Reativa e Improvisada: A atuação da prefeitura é classificada como improvisada e reativa, focada em ações paliativas em vez de um planejamento preventivo e estruturado. A gestão ""reage aos problemas sem planejamento preventivo"", o que é evidenciado pela falta de aplicação de planos existentes, como o plano de manejo para arborização.",0.19,ENT-019,00:06:04,1.2.2,Capacidade institucional para executar ações climáticas,inexistente,alta,acoes|arborizacao|atuacao|prefeitura,"LACUNA DE ESTRUTURA, NOMEADA COM PRECISÃO. Não existe unidade municipal dedicada a parques e jardins — a cidade cuja identidade e cujo maior risco são a arborização não tem órgão para geri-la. É a explicação estrutural da falha de reposição relatada em ENT-006, ENT-007, ENT-009 e ENT-014.",,,,
61,Academia,3.3.4. Governança e Coordenação,"Gestão Reativa e Improvisada: A atuação da prefeitura é classificada como improvisada e reativa, focada em ações paliativas em vez de um planejamento preventivo e estruturado. A gestão ""reage aos problemas sem planejamento preventivo"", o que é evidenciado pela falta de aplicação de planos existentes, como o plano de manejo para arborização.",0.19,ENT-020,00:11:10,1.1.7,Monitoramento e avaliação da adaptação,inexistente,alta,arborizacao|gestao|manejo|plano,"SEGUNDO CASO DE PLANO NÃO IMPLEMENTADO, COM SÉRIE DE QUINZE ANOS. Junto ao plano de manejo da arborização de ENT-019 e ao plano de manejo do parque citado adiante, compõe o padrão que ENT-007 chama de «plano de gaveta»: Maringá produz instrumento técnico de qualidade e não o executa nem o monitora. O risco para o plano climático em elaboração é explícito.",,,,
62,Academia,3.3.4. Governança e Coordenação,"Capacidade Operacional Insuficiente: Há um consenso de que a prefeitura não possui a capacidade operacional necessária. Isso se manifesta na ausência de um departamento de parques e jardins atuante, dificuldades na poda e reposição de árvores, falhas na limpeza de bueiros e a não implementação dos fundos de vale como espaços públicos verdes.",0.231,ENT-019,00:06:04,1.2.2,Capacidade institucional para executar ações climáticas,inexistente,alta,arvores|capacidade|jardins|parques|prefeitura|reposicao,"LACUNA DE ESTRUTURA, NOMEADA COM PRECISÃO. Não existe unidade municipal dedicada a parques e jardins — a cidade cuja identidade e cujo maior risco são a arborização não tem órgão para geri-la. É a explicação estrutural da falha de reposição relatada em ENT-006, ENT-007, ENT-009 e ENT-014.",,,,
62,Academia,3.3.4. Governança e Coordenação,"Capacidade Operacional Insuficiente: Há um consenso de que a prefeitura não possui a capacidade operacional necessária. Isso se manifesta na ausência de um departamento de parques e jardins atuante, dificuldades na poda e reposição de árvores, falhas na limpeza de bueiros e a não implementação dos fundos de vale como espaços públicos verdes.",0.192,ENT-019,00:07:35,2.1.5,Estratégia financeira para adaptação e resiliência,inexistente,alta,espacos|fundos|publicos|vale|verdes,"Prioridade convergente: qualificação dos fundos de vale como infraestrutura verde de uso público e função climática. Converge com o parque-esponja de ENT-017-ENT-018, a passarela suspensa de ENT-015, a trilha de ENT-016 e o uso público de ENT-016 — cinco sessões de quatro setores apontando o mesmo território como prioridade de investimento.",,,,
62,Academia,3.3.4. Governança e Coordenação,"Capacidade Operacional Insuficiente: Há um consenso de que a prefeitura não possui a capacidade operacional necessária. Isso se manifesta na ausência de um departamento de parques e jardins atuante, dificuldades na poda e reposição de árvores, falhas na limpeza de bueiros e a não implementação dos fundos de vale como espaços públicos verdes.",0.154,ENT-020,00:11:10,3.2.2,"Qualidade, atualização e acessibilidade dos dados climáticos",inexistente,alta,arvores|ausencia|fundos|vale,"DISTINÇÃO DECISIVA. O município tem indicador agregado e não tem dado de gestão. Reformula com precisão a lacuna «Muito alta» de qualidade e acessibilidade dos dados: o problema não é a ausência de número, é a ausência de resolução espacial suficiente para decidir onde intervir — e os 85 km de fundo de vale, o principal ativo ambiental da cidade, estão sem diagnóstico de condição.",,,,
63,Academia,3.3.4. Governança e Coordenação,"Fragmentação Institucional e Política: A relação entre academia e prefeitura é descrita como fragmentada, frequentemente influenciada por questões políticas e partidárias. Isso cria uma barreira para a colaboração, com secretários e dirigentes alinhados a interesses institucionais específicos, dificultando uma interlocução técnica e contínua.",0.192,ENT-019,00:11:11,3.2.1,Parcerias com universidades e centros de pesquisa,inexistente,alta,cria|institucional|prefeitura|questoes|tecnica,"ACHADO DE INCENTIVO ALINHADO. A exigência institucional de extensão universitária cria demanda por problemas reais, do mesmo modo que a prefeitura demanda base técnica. Os incentivos das duas instituições já apontam na mesma direção e o único elo ausente é o canal — o que torna essa a lacuna mais barata de fechar em todo o diagnóstico.",,,,
63,Academia,3.3.4. Governança e Coordenação,"Fragmentação Institucional e Política: A relação entre academia e prefeitura é descrita como fragmentada, frequentemente influenciada por questões políticas e partidárias. Isso cria uma barreira para a colaboração, com secretários e dirigentes alinhados a interesses institucionais específicos, dificultando uma interlocução técnica e contínua.",0.192,ENT-019,00:12:47,3.2.1,Parcerias com universidades e centros de pesquisa,inexistente,alta,barreira|partidarias|politica|politicas|questoes,"ACHADO SOBRE A CAUSA DA LACUNA. A resistência é atribuída a uma leitura interna da universidade que confunde política pública com política de governo. Identifica um obstáculo cultural, e não de instrumento — o que muda a recomendação: antes de propor convênio, é preciso desfazer essa distinção.",,,,
63,Academia,3.3.4. Governança e Coordenação,"Fragmentação Institucional e Política: A relação entre academia e prefeitura é descrita como fragmentada, frequentemente influenciada por questões políticas e partidárias. Isso cria uma barreira para a colaboração, com secretários e dirigentes alinhados a interesses institucionais específicos, dificultando uma interlocução técnica e contínua.",0.192,ENT-020,00:22:28,3.2.1,Parcerias com universidades e centros de pesquisa,inexistente,alta,academia|dirigentes|prefeitura|relacao|secretarios,"Quarta confirmação da lacuna de parceria científica (com ENT-006, ENT-012 e ENT-019). O acesso ao conhecimento acadêmico depende de relação pessoal com dirigentes — mesmo padrão de personalização que ENT-003 registra na coordenação horizontal e ENT-015 na titularidade da agenda. Dimensão «Muito alta».",,,,
64,Academia,3.3.4. Governança e Coordenação,"Carência de Colaboração Regional: Não existem parcerias estruturadas entre Maringá e municípios vizinhos voltadas especificamente para a agenda climática. A cooperação regional, quando existe, limita-se a áreas como saúde. A ""Região Metropolitana"" é considerada uma denominação sem efetividade política ou estratégica, carecendo de um consórcio ou órgão suprapartidário para o planejamento territorial integrado.",0.355,ENT-006,00:38:02,4.1.4,Coordenação regional/metropolitana com municípios vizinhos,inexistente,alta,agenda|climatica|consorcio|cooperacao|metropolitana|municipios|regiao|regional,"LACUNA. Existe arranjo de cooperação intermunicipal em funcionamento na região, com pauta de saúde, e ele não foi acionado para clima. A institucionalidade regional está montada — falta apenas incluir a agenda climática nela, o que é mais barato que criar consórcio novo.",,,,
64,Academia,3.3.4. Governança e Coordenação,"Carência de Colaboração Regional: Não existem parcerias estruturadas entre Maringá e municípios vizinhos voltadas especificamente para a agenda climática. A cooperação regional, quando existe, limita-se a áreas como saúde. A ""Região Metropolitana"" é considerada uma denominação sem efetividade política ou estratégica, carecendo de um consórcio ou órgão suprapartidário para o planejamento territorial integrado.",0.355,ENT-019,00:18:33,4.1.4,Coordenação regional/metropolitana com municípios vizinhos,inexistente,alta,consorcio|cooperacao|denominacao|metropolitana|municipios|orgao|politica|regiao,PROPOSTA DE ARRANJO REGIONAL. Consórcio de prefeitos com órgão técnico suprapartidário. Sétima sessão a apontar a lacuna de cooperação regional e a única a propor a forma institucional — que converge com a associação de municípios já existente e sem pauta ambiental descrita em ENT-007.,,,,
64,Academia,3.3.4. Governança e Coordenação,"Carência de Colaboração Regional: Não existem parcerias estruturadas entre Maringá e municípios vizinhos voltadas especificamente para a agenda climática. A cooperação regional, quando existe, limita-se a áreas como saúde. A ""Região Metropolitana"" é considerada uma denominação sem efetividade política ou estratégica, carecendo de um consórcio ou órgão suprapartidário para o planejamento territorial integrado.",0.29,ENT-020,00:27:48,4.1.4,Coordenação regional/metropolitana com municípios vizinhos,inexistente,alta,areas|cooperacao|metropolitana|municipios|planejamento|politica|regional|saude,"Oitava confirmação da lacuna regional, e segunda a identificar a mesma associação de municípios como estrutura existente sem pauta ambiental (a primeira é ENT-007). O diagnóstico está fechado: a institucionalidade regional existe, funciona em saúde e não foi acionada para clima.",,,,
65,Academia,3.3.5. Soluções Propostas,"Projetos de Longo Prazo (""Guarda-chuva""): Implementar projetos com um coordenador fixo na universidade, garantindo a continuidade mesmo com a rotatividade de alunos.",0.571,ENT-006,00:35:30,3.2.1,Parcerias com universidades e centros de pesquisa,inexistente,alta,alunos|chuva|continuidade|coordenador|fixo|guarda|projetos|universidade,"Desenho concreto para dar continuidade à parceria acadêmica: convênio guarda-chuva permanente com coordenação estável, sobre o qual rodam alunos de graduação e pós. Responde diretamente ao risco de descontinuidade que qualifica a divergência de ENT-003 (fluxo científico sem instrumento formal).",,,,
65,Academia,3.3.5. Soluções Propostas,"Projetos de Longo Prazo (""Guarda-chuva""): Implementar projetos com um coordenador fixo na universidade, garantindo a continuidade mesmo com a rotatividade de alunos.",0.214,ENT-006,00:34:09,3.2.1,Parcerias com universidades e centros de pesquisa,inexistente,alta,mesmo|projetos|universidade,"OPORTUNIDADE ESTRUTURANTE. Proposta de unidade municipal dedicada a parceria com ensino e pesquisa, com argumento de adequação da solução ao contexto local. Responde simultaneamente à lacuna de parceria científica e à ausência de unidade de estruturação de projetos registrada em ENT-003.",,,,
65,Academia,3.3.5. Soluções Propostas,"Projetos de Longo Prazo (""Guarda-chuva""): Implementar projetos com um coordenador fixo na universidade, garantindo a continuidade mesmo com a rotatividade de alunos.",0.214,ENT-019,00:11:11,3.2.1,Parcerias com universidades e centros de pesquisa,inexistente,alta,implementar|mesmo|universidade,"ACHADO DE INCENTIVO ALINHADO. A exigência institucional de extensão universitária cria demanda por problemas reais, do mesmo modo que a prefeitura demanda base técnica. Os incentivos das duas instituições já apontam na mesma direção e o único elo ausente é o canal — o que torna essa a lacuna mais barata de fechar em todo o diagnóstico.",,,,
66,Academia,3.3.5. Soluções Propostas,"Setor de Inovação na Prefeitura: Criar um setor de P&D (Pesquisa e Desenvolvimento) na prefeitura para desburocratizar a relação com a academia e aproveitar o conhecimento local, evitando a busca por soluções estrangeiras.",0.5,ENT-006,00:34:09,3.2.1,Parcerias com universidades e centros de pesquisa,inexistente,alta,criar|desenvolvimento|inovacao|local|pesquisa|prefeitura|setor|solucoes,"OPORTUNIDADE ESTRUTURANTE. Proposta de unidade municipal dedicada a parceria com ensino e pesquisa, com argumento de adequação da solução ao contexto local. Responde simultaneamente à lacuna de parceria científica e à ausência de unidade de estruturação de projetos registrada em ENT-003.",,,,
66,Academia,3.3.5. Soluções Propostas,"Setor de Inovação na Prefeitura: Criar um setor de P&D (Pesquisa e Desenvolvimento) na prefeitura para desburocratizar a relação com a academia e aproveitar o conhecimento local, evitando a busca por soluções estrangeiras.",0.312,ENT-020,00:22:28,3.2.1,Parcerias com universidades e centros de pesquisa,inexistente,alta,academia|conhecimento|pesquisa|prefeitura|relacao,"Quarta confirmação da lacuna de parceria científica (com ENT-006, ENT-012 e ENT-019). O acesso ao conhecimento acadêmico depende de relação pessoal com dirigentes — mesmo padrão de personalização que ENT-003 registra na coordenação horizontal e ENT-015 na titularidade da agenda. Dimensão «Muito alta».",,,,
66,Academia,3.3.5. Soluções Propostas,"Setor de Inovação na Prefeitura: Criar um setor de P&D (Pesquisa e Desenvolvimento) na prefeitura para desburocratizar a relação com a academia e aproveitar o conhecimento local, evitando a busca por soluções estrangeiras.",0.188,ENT-006,00:29:01,3.2.5,Integração dos dados em planejamento e projetos financiáveis,inexistente,alta,conhecimento|pesquisa|prefeitura,"LACUNA. O conhecimento produzido localmente não chega ao planejamento nem à estruturação de projeto. Dimensão «Muito alta»: sem essa integração, os projetos que a cidade apresentaria a um financiador não têm base técnica própria — e ela existe, na cidade, sem ser usada.",,,,
67,Academia,3.3.5. Soluções Propostas,"Mitigação de Desastres: Investir em soluções baseadas na natureza (SBN), como ""jardins de chuva"", testando em pontos críticos para posterior replicação.",0.154,ENT-006,00:45:34,2.1.7,Financiamento para riscos e desastres,em_implementacao,media,desastres|posterior,"Avaliação externa de que a capacidade de resposta a desastre é insuficiente em pessoal. Diverge da leitura de ENT-005, que considera a resposta rápida — a diferença é o objeto: resposta imediata ao evento versus recomposição posterior do dano.",,,,
67,Academia,3.3.5. Soluções Propostas,"Mitigação de Desastres: Investir em soluções baseadas na natureza (SBN), como ""jardins de chuva"", testando em pontos críticos para posterior replicação.",0.077,ENT-006,00:11:11,1.1.5,Avaliação de riscos e vulnerabilidades climáticas,em_implementacao,alta,pontos,"Risco de alagamento confirmado, e imediatamente associado a uma causa de política pública municipal: a substituição de canteiro gramado por pavimento na implantação de ciclovia. Não é o clima agindo sobre a cidade, é a obra recente ampliando a exposição.",,,,
67,Academia,3.3.5. Soluções Propostas,"Mitigação de Desastres: Investir em soluções baseadas na natureza (SBN), como ""jardins de chuva"", testando em pontos críticos para posterior replicação.",0.077,ENT-006,00:21:09,3.1.1,Sistema municipal de dados climáticos e territoriais,inexistente,alta,pontos,"DIVERGÊNCIA VERIFICADA EM CAMPO. A informação publicada pelo município sobre pontos de destinação de resíduo eletrônico não corresponde à realidade, constatado por tentativa direta da participante. O dado público existe e está errado — o que é pior que ausência de dado para qualquer decisão que dele dependa.",,,,
68,Academia,3.3.5. Soluções Propostas,Revisão Normativa: Realizar um levantamento das leis municipais de meio ambiente existentes para identificar conflitos com a legislação federal e lacunas de implementação.,0.4,ENT-020,00:35:53,1.1.8,Revisão periódica da política climática,inexistente,alta,ambiente|implementacao|levantamento|meio|municipais|revisao,"RECOMENDAÇÃO METODOLÓGICA DIRETA AO PRODUTO. Existe política municipal de meio ambiente não implementada, e nunca se levantou o conjunto de normas municipais que incidem sobre a agenda climática. É a lacuna mais barata de fechar do diagnóstico inteiro — um levantamento normativo — e a que mais reduz o risco de propor o que já está previsto em lei.",,,,
68,Academia,3.3.5. Soluções Propostas,Revisão Normativa: Realizar um levantamento das leis municipais de meio ambiente existentes para identificar conflitos com a legislação federal e lacunas de implementação.,0.2,ENT-019,00:19:57,4.1.4,Coordenação regional/metropolitana com municípios vizinhos,inexistente,alta,ambiente|meio|municipais,"Argumento técnico pela escala regional: bacias, remanescentes florestais e mobilidade pendular atravessam os limites municipais. Converge com ENT-014 (cidade dormitório) e ENT-010-ENT-011 (vulnerabilidade na faixa de conurbação). Dimensão «Alta».",,,,
68,Academia,3.3.5. Soluções Propostas,Revisão Normativa: Realizar um levantamento das leis municipais de meio ambiente existentes para identificar conflitos com a legislação federal e lacunas de implementação.,0.2,ENT-020,00:29:24,1.1.6,Alinhamento da adaptação com políticas nacionais/estaduais,inexistente,alta,ambiente|existentes|meio,"RECOMENDAÇÃO DE ENQUADRAMENTO. Tratar a agenda climática dentro da agenda ambiental, que tem base constitucional consolidada, em vez de constituí-la como pauta apartada. Reduz resistência política e se apoia em normas já existentes — e converge com a proposta de ENT-005 de inserir a pauta ambiental em instância já consolidada, em vez de criar instância nova.",,,,
69,Sociedade Civil,"3.4.1. Política Climática: incorporação, riscos e desafios","Riscos e Vulnerabilidades Iguais, Impactos Desiguais: Os riscos (ventos fortes, chuvas intensas, alagamentos, secas e até tornados) são democraticamente distribuídos, não fazendo distinção entre áreas nobres e bairros de menor renda. No entanto, os impactos são profundamente desiguais. Áreas centrais possuem manutenção de arborização superior e resposta mais ágil a emergências, enquanto periferias sofrem mais com quedas de energia, falta de infraestrutura e habitações precárias.",0.158,ENT-005,00:06:29,1.1.5,Avaliação de riscos e vulnerabilidades climáticas,em_implementacao,alta,chuvas|energia|fortes|riscos|ventos|vulnerabilidades,"Risco prioritário identificado da perspectiva da sociedade civil: vendaval, com interrupção prolongada do serviço de energia. Acrescenta ao par erosão/alagamento registrado no bloco público um terceiro vetor — vento — cujo impacto se dá sobre a rede elétrica aérea, ativo que não é municipal.",,,,
69,Sociedade Civil,"3.4.1. Política Climática: incorporação, riscos e desafios","Riscos e Vulnerabilidades Iguais, Impactos Desiguais: Os riscos (ventos fortes, chuvas intensas, alagamentos, secas e até tornados) são democraticamente distribuídos, não fazendo distinção entre áreas nobres e bairros de menor renda. No entanto, os impactos são profundamente desiguais. Áreas centrais possuem manutenção de arborização superior e resposta mais ágil a emergências, enquanto periferias sofrem mais com quedas de energia, falta de infraestrutura e habitações precárias.",0.132,ENT-007,00:06:56,3.2.4,Dados socioeconômicos e territoriais para adaptação inclusiva,inexistente,alta,arborizacao|areas|centrais|infraestrutura|manutencao,"ACHADO DISTRIBUTIVO. A desigualdade territorial se reproduz na infraestrutura verde: a periferia tem menos arborização e menos manutenção. Consequência dupla — menor sombreamento e conforto térmico onde a vulnerabilidade é maior, e concentração do investimento de manutenção onde ela é menor. Dado de exposição que nenhuma base municipal citada no corpus organiza.",,,,
69,Sociedade Civil,"3.4.1. Política Climática: incorporação, riscos e desafios","Riscos e Vulnerabilidades Iguais, Impactos Desiguais: Os riscos (ventos fortes, chuvas intensas, alagamentos, secas e até tornados) são democraticamente distribuídos, não fazendo distinção entre áreas nobres e bairros de menor renda. No entanto, os impactos são profundamente desiguais. Áreas centrais possuem manutenção de arborização superior e resposta mais ágil a emergências, enquanto periferias sofrem mais com quedas de energia, falta de infraestrutura e habitações precárias.",0.132,ENT-010-ENT-011,00:14:52,1.1.5,Avaliação de riscos e vulnerabilidades climáticas,em_implementacao,alta,alagamentos|distincao|manutencao|riscos|vulnerabilidades,"Distinção técnica decisiva: não há inundação de macrodrenagem, e sim alagamento de microdrenagem. Confirma que a faixa ciliar dobrada relatada em ENT-009 tem efeito hidrológico real e protege a cidade — a norma mais exigente produziu resultado. O investimento necessário é de rede local e manutenção, não de grande obra fluvial.",,,,
70,Sociedade Civil,"3.4.1. Política Climática: incorporação, riscos e desafios","Desigualdade na Arborização e Gestão Ineficaz: A arborização é desigual, concentrando-se em áreas centrais e sendo precária em bairros periféricos, o que acentua a diferença de temperatura e a sensação térmica. Apesar da existência de um plano de arborização, a efetividade é baixa, com ausência de replantio adequado, falta de fiscalização e negligência na substituição por espécies nativas.",0.133,ENT-007,00:06:56,3.2.4,Dados socioeconômicos e territoriais para adaptação inclusiva,inexistente,alta,arborizacao|areas|centrais|desigualdade,"ACHADO DISTRIBUTIVO. A desigualdade territorial se reproduz na infraestrutura verde: a periferia tem menos arborização e menos manutenção. Consequência dupla — menor sombreamento e conforto térmico onde a vulnerabilidade é maior, e concentração do investimento de manutenção onde ela é menor. Dado de exposição que nenhuma base municipal citada no corpus organiza.",,,,
70,Sociedade Civil,"3.4.1. Política Climática: incorporação, riscos e desafios","Desigualdade na Arborização e Gestão Ineficaz: A arborização é desigual, concentrando-se em áreas centrais e sendo precária em bairros periféricos, o que acentua a diferença de temperatura e a sensação térmica. Apesar da existência de um plano de arborização, a efetividade é baixa, com ausência de replantio adequado, falta de fiscalização e negligência na substituição por espécies nativas.",0.133,ENT-007,00:18:28,3.2.3,"Dados de risco, vulnerabilidade e exposição",inexistente,alta,arborizacao|areas|plano|substituicao,"PRIORIDADE PROPOSTA. Inventário georreferenciado do estoque arbóreo com classificação de risco, articulado a plano de substituição e a recorte de áreas críticas. É projeto de dado de risco com escopo definido, custo modesto e efeito direto sobre a ocorrência que mais paralisa a cidade — o candidato mais maduro a projeto financiável surgido no corpus.",,,,
70,Sociedade Civil,"3.4.1. Política Climática: incorporação, riscos e desafios","Desigualdade na Arborização e Gestão Ineficaz: A arborização é desigual, concentrando-se em áreas centrais e sendo precária em bairros periféricos, o que acentua a diferença de temperatura e a sensação térmica. Apesar da existência de um plano de arborização, a efetividade é baixa, com ausência de replantio adequado, falta de fiscalização e negligência na substituição por espécies nativas.",0.1,ENT-007,00:25:03,3.2.3,"Dados de risco, vulnerabilidade e exposição",em_implementacao,alta,arborizacao|areas|plano,"O mapeamento de risco existente no plano diretor cobre passivo ambiental grave e não cobre o risco climático cotidiano — queda de árvore, alagamento de rua, ilha de calor. A base de risco disponível está calibrada para a exceção catastrófica, não para o evento recorrente que produz o dano acumulado.",,,,
71,Sociedade Civil,"3.4.1. Política Climática: incorporação, riscos e desafios","Gestão de Água e Solo: A intensa impermeabilização do solo, a perfuração excessiva de poços artesianos (especialmente ao redor do Parque do Ingá) e a falta de regulação municipal geram preocupações sobre o uso do lençol freático, poluição e riscos de desabastecimento. O Rio Pirapó, principal fonte de captação, é vulnerável a secas e inundações.",0.379,ENT-007,00:15:57,1.1.5,Avaliação de riscos e vulnerabilidades climáticas,inexistente,alta,artesianos|freatico|impermeabilizacao|intensa|lencol|municipal|parque|pocos,"ACHADO ISOLADO. Adensamento vertical no entorno do principal parque urbano, com impermeabilização e explotação difusa do aquífero por poços prediais licenciados pelo Estado. Risco hídrico cumulativo que nenhuma instância municipal regula e que nenhuma outra sessão menciona — e que atinge diretamente a área verde de maior valor ecológico e simbólico da cidade.",,,,
71,Sociedade Civil,"3.4.1. Política Climática: incorporação, riscos e desafios","Gestão de Água e Solo: A intensa impermeabilização do solo, a perfuração excessiva de poços artesianos (especialmente ao redor do Parque do Ingá) e a falta de regulação municipal geram preocupações sobre o uso do lençol freático, poluição e riscos de desabastecimento. O Rio Pirapó, principal fonte de captação, é vulnerável a secas e inundações.",0.172,ENT-005,00:07:41,1.1.5,Avaliação de riscos e vulnerabilidades climáticas,em_implementacao,alta,agua|captacao|desabastecimento|fonte|riscos,"ACHADO. Evento de desabastecimento de água causado por excesso de chuva — a captação da cidade depende de um único ponto em um único rio, e o alagamento das bombas interrompeu o serviço por mais de uma semana. Vulnerabilidade de infraestrutura crítica com fonte única, não registrada em nenhuma outra sessão.",,,,
71,Sociedade Civil,"3.4.1. Política Climática: incorporação, riscos e desafios","Gestão de Água e Solo: A intensa impermeabilização do solo, a perfuração excessiva de poços artesianos (especialmente ao redor do Parque do Ingá) e a falta de regulação municipal geram preocupações sobre o uso do lençol freático, poluição e riscos de desabastecimento. O Rio Pirapó, principal fonte de captação, é vulnerável a secas e inundações.",0.172,ENT-014,00:08:22,1.1.5,Avaliação de riscos e vulnerabilidades climáticas,em_implementacao,alta,agua|captacao|desabastecimento|intensa|riscos,"TERCEIRA CONFIRMAÇÃO INDEPENDENTE. O desabastecimento de água causado por chuva intensa é relatado por ENT-005, ENT-009 e agora ENT-014, de três setores distintos. É o evento de infraestrutura crítica mais bem triangulado do corpus e não aparece em nenhuma das sessões do poder público. SESSÃO SEM TCLE.",,,,
72,Sociedade Civil,"3.4.1. Política Climática: incorporação, riscos e desafios","Percepção sobre a Gestão Municipal: Embora a administração do prefeito [participante] demonstre proatividade e foco em sustentabilidade e metas de carbono zero, há preocupação com o desequilíbrio entre o futuro e o presente, e com a substituição do patrimônio urbano consolidado. A gestão precisa equilibrar inovações técnicas com a preservação do existente.",0.296,ENT-014,00:13:07,1.1.4,Estratégia de adaptação com metas claras,em_implementacao,alta,carbono|existente|futuro|metas|patrimonio|tecnicas|urbano|zero,"CRÍTICA DE PRIORIZAÇÃO. A agenda de mitigação e inovação estaria absorvendo a atenção que a manutenção do ativo urbano existente demanda. Reposiciona a discussão de investimento climático em Maringá: o retorno maior pode estar em conservar a infraestrutura verde herdada, não em construir o novo. SESSÃO SEM TCLE.",,,,
72,Sociedade Civil,"3.4.1. Política Climática: incorporação, riscos e desafios","Percepção sobre a Gestão Municipal: Embora a administração do prefeito [participante] demonstre proatividade e foco em sustentabilidade e metas de carbono zero, há preocupação com o desequilíbrio entre o futuro e o presente, e com a substituição do patrimônio urbano consolidado. A gestão precisa equilibrar inovações técnicas com a preservação do existente.",0.074,ENT-005,00:08:53,1.1.4,Estratégia de adaptação com metas claras,inexistente,media,metas|municipal,"OPORTUNIDADE. Proposta de redundância na captação de água entre bacias como medida de adaptação estruturante. É um projeto de infraestrutura de porte, elegível a financiamento climático e ausente de qualquer instrumento municipal citado no corpus.",,,,
72,Sociedade Civil,"3.4.1. Política Climática: incorporação, riscos e desafios","Percepção sobre a Gestão Municipal: Embora a administração do prefeito [participante] demonstre proatividade e foco em sustentabilidade e metas de carbono zero, há preocupação com o desequilíbrio entre o futuro e o presente, e com a substituição do patrimônio urbano consolidado. A gestão precisa equilibrar inovações técnicas com a preservação do existente.",0.074,ENT-005,00:36:14,3.2.4,Dados socioeconômicos e territoriais para adaptação inclusiva,em_elaboracao,alta,gestao|municipal,"O conhecimento territorial fino sobre causas locais de alagamento existe na população e já foi manifestado em audiência pública. É dado de vulnerabilidade disponível e não sistematizado — e liga diretamente resíduo sólido a obstrução de drenagem, nexo que nenhuma base municipal citada registra.",,,,
73,Sociedade Civil,"3.4.2. Finanças: orçamento, financiamento e captação de recursos","Recursos Existem, mas são Mal Aplicados: Há a percepção de que existem recursos financeiros disponíveis (inclusive do governo federal), mas o uso incorreto desses fundos, a corrupção e a falta de vontade política em priorizar pautas ambientais (que não trazem retorno eleitoral imediato) são os principais obstáculos.",0.083,ENT-007,00:49:24,4.2.3,"Participação de conselhos, COMDEMA e sociedade civil",efetivo,alta,inclusive|politica,"Densidade excepcional de organizações da sociedade civil, com reconhecimento legal. Base de capilaridade disponível para execução territorializada de política — e que hoje não está vinculada à agenda climática.",,,,
73,Sociedade Civil,"3.4.2. Finanças: orçamento, financiamento e captação de recursos","Recursos Existem, mas são Mal Aplicados: Há a percepção de que existem recursos financeiros disponíveis (inclusive do governo federal), mas o uso incorreto desses fundos, a corrupção e a falta de vontade política em priorizar pautas ambientais (que não trazem retorno eleitoral imediato) são os principais obstáculos.",0.083,ENT-010-ENT-011,00:11:56,1.1.5,Avaliação de riscos e vulnerabilidades climáticas,em_elaboracao,alta,percepcao|priorizar,"ACHADO QUANTITATIVO. A série histórica de eventos extremos mostra a ventania convergindo em frequência para a trovoada, que era dominante. É a validação estatística do que quatro sessões relataram por percepção — o vento como risco emergente — e o dado que sustenta priorizar arborização e rede elétrica.",,,,
73,Sociedade Civil,"3.4.2. Finanças: orçamento, financiamento e captação de recursos","Recursos Existem, mas são Mal Aplicados: Há a percepção de que existem recursos financeiros disponíveis (inclusive do governo federal), mas o uso incorreto desses fundos, a corrupção e a falta de vontade política em priorizar pautas ambientais (que não trazem retorno eleitoral imediato) são os principais obstáculos.",0.083,ENT-010-ENT-011,00:21:23,3.2.4,Dados socioeconômicos e territoriais para adaptação inclusiva,inexistente,alta,desses|existem,"DIVERGÊNCIA CENTRAL DO CORPUS. A prefeitura informa oficialmente zero ocupações irregulares; ENT-007 relata ocupações em fundo de vale e um movimento organizado desses moradores; ENT-008 nega ocupação em fundo de vale. Se o número oficial for zero por ausência de registro e não por ausência do fenômeno, toda a análise de sensibilidade do plano de adaptação está sendo construída sobre uma lacuna — e a população mais exposta fica fora dela. Divergência preservada para verificação documental.",,,,
74,Sociedade Civil,"3.4.2. Finanças: orçamento, financiamento e captação de recursos","Barreira dos Projetos: A principal barreira para a efetividade dos investimentos não é a falta de fundos, mas a escassez de projetos bem estruturados, com rastreabilidade, transparência e planejamento completo. A fragilidade técnica dos municípios para elaborar projetos é um gargalo central.",0.444,ENT-010-ENT-011,00:34:47,2.1.4,Capacidade de preparar projetos para financiamento,inexistente,alta,barreira|central|estruturados|fundos|gargalo|projetos|rastreabilidade|transparencia,"QUARTA CONFIRMAÇÃO DO ACHADO CENTRAL. Consultoria especializada em financiamento climático identifica a ausência de projetos estruturados como barreira número um, com oferta de fundos disponível. Converge com ENT-004, ENT-007 e ENT-008 — quatro fontes independentes, de quatro setores, apontando o mesmo gargalo. Dimensão «Muito alta».",,,,
74,Sociedade Civil,"3.4.2. Finanças: orçamento, financiamento e captação de recursos","Barreira dos Projetos: A principal barreira para a efetividade dos investimentos não é a falta de fundos, mas a escassez de projetos bem estruturados, com rastreabilidade, transparência e planejamento completo. A fragilidade técnica dos municípios para elaborar projetos é um gargalo central.",0.222,ENT-014,00:38:44,2.1.4,Capacidade de preparar projetos para financiamento,em_implementacao,alta,escassez|planejamento|projetos|tecnica,"Avaliação de que a capacidade técnica de base existe e está bem dirigida, e de que a conjuntura política é favorável. Diverge da leitura de escassez de ENT-008 e ENT-004 em um ponto importante: a qualificação existe, o que falta é quantidade e alocação. SESSÃO SEM TCLE.",,,,
74,Sociedade Civil,"3.4.2. Finanças: orçamento, financiamento e captação de recursos","Barreira dos Projetos: A principal barreira para a efetividade dos investimentos não é a falta de fundos, mas a escassez de projetos bem estruturados, com rastreabilidade, transparência e planejamento completo. A fragilidade técnica dos municípios para elaborar projetos é um gargalo central.",0.167,ENT-010-ENT-011,00:06:07,2.1.4,Capacidade de preparar projetos para financiamento,em_elaboracao,alta,barreira|projetos|tecnica,"ACHADO DECISIVO PARA A CARTEIRA. Estão sendo produzidos projetos executivos com estudo de viabilidade técnica, econômica e ambiental para 50 pontos de erosão. Ao fim do contrato Maringá terá exatamente aquilo cuja ausência é apontada como barreira número um — uma carteira de projetos prontos para captação. (ENT-008 cita 40 pontos; a diferença deve ser conferida no termo de referência.)",,,,
75,Sociedade Civil,"3.4.2. Finanças: orçamento, financiamento e captação de recursos","Falta de Pessoal e Capacidade Administrativa: A falta de pessoal qualificado e de capacidade administrativa nas secretarias municipais impede que a prefeitura dê continuidade aos projetos, independentemente da disponibilidade de recursos.",0.308,ENT-005,00:31:57,1.2.2,Capacidade institucional para executar ações climáticas,inexistente,alta,administrativa|capacidade|impede|prefeitura,"A ausência de capacidade administrativa impede o município de usar um instrumento que já está à sua disposição — o concurso de projeto. Terceira aparição do mesmo padrão no corpus (IPTU Verde em ENT-003, projeto de drenagem em ENT-004): o gargalo não é o instrumento, é o braço para operá-lo.",,,,
75,Sociedade Civil,"3.4.2. Finanças: orçamento, financiamento e captação de recursos","Falta de Pessoal e Capacidade Administrativa: A falta de pessoal qualificado e de capacidade administrativa nas secretarias municipais impede que a prefeitura dê continuidade aos projetos, independentemente da disponibilidade de recursos.",0.231,ENT-007,00:46:36,2.1.4,Capacidade de preparar projetos para financiamento,inexistente,alta,administrativa|capacidade|projetos,"ACHADO ESTRUTURANTE, TERCEIRA CONFIRMAÇÃO. A restrição declarada não é de receita, é de capacidade de executar. Converge com ENT-004 («não temos a ideia pronta») e com ENT-003 (IPTU Verde suspenso por capacidade administrativa), agora dito por quem observa o orçamento de fora. Reorienta o objeto do plano de ação: capacidade de estruturação e execução antes de captação de recurso novo.",,,,
75,Sociedade Civil,"3.4.2. Finanças: orçamento, financiamento e captação de recursos","Falta de Pessoal e Capacidade Administrativa: A falta de pessoal qualificado e de capacidade administrativa nas secretarias municipais impede que a prefeitura dê continuidade aos projetos, independentemente da disponibilidade de recursos.",0.231,ENT-014,00:08:22,1.2.2,Capacidade institucional para executar ações climáticas,inexistente,alta,administrativa|capacidade|prefeitura,"ACHADO. A supressão arbórea é induzida por pedido de morador amedrontado pelo risco de queda, e deferida sem contrapartida de replantio nem mediação técnica. O risco climático está produzindo, por via administrativa, a perda do ativo que reduz esse mesmo risco. SESSÃO SEM TCLE.",,,,
76,Sociedade Civil,"3.4.2. Finanças: orçamento, financiamento e captação de recursos","Potencial de Captação e Incentivos: O Instituto Cultural Ingá (ICI) é citado como um modelo bem-sucedido de captação de recursos via Lei Rouanet. Sugere-se que o CODEM, por ter verba e autonomia, poderia monitorar o orçamento municipal e incorporar pautas ambientais.",0.273,ENT-005,00:44:12,2.3.3,Diversificação de receitas ambientais/climáticas,efetivo,alta,ambientais|captacao|cultural|inga|instituto|rouanet,"ACHADO REPLICÁVEL. Existe em Maringá um precedente institucional de estrutura dedicada à captação por renúncia fiscal, criada por indução do poder público e operada fora dele, com resultado comprovado no setor cultural. É o desenho institucional que falta à agenda climática — e a dimensão de diversificação de receitas ambientais, que não recebia evidência de nenhuma pergunta do instrumental, passa a ter lastro empírico.",,,,
76,Sociedade Civil,"3.4.2. Finanças: orçamento, financiamento e captação de recursos","Potencial de Captação e Incentivos: O Instituto Cultural Ingá (ICI) é citado como um modelo bem-sucedido de captação de recursos via Lei Rouanet. Sugere-se que o CODEM, por ter verba e autonomia, poderia monitorar o orçamento municipal e incorporar pautas ambientais.",0.136,ENT-005,00:08:53,1.1.4,Estratégia de adaptação com metas claras,inexistente,media,captacao|citado|municipal,"OPORTUNIDADE. Proposta de redundância na captação de água entre bacias como medida de adaptação estruturante. É um projeto de infraestrutura de porte, elegível a financiamento climático e ausente de qualquer instrumento municipal citado no corpus.",,,,
76,Sociedade Civil,"3.4.2. Finanças: orçamento, financiamento e captação de recursos","Potencial de Captação e Incentivos: O Instituto Cultural Ingá (ICI) é citado como um modelo bem-sucedido de captação de recursos via Lei Rouanet. Sugere-se que o CODEM, por ter verba e autonomia, poderia monitorar o orçamento municipal e incorporar pautas ambientais.",0.136,ENT-005,00:45:16,2.3.3,Diversificação de receitas ambientais/climáticas,efetivo,media,ambientais|captacao|instituto,"O fator de sucesso relatado na captação por renúncia fiscal foi identificar e cooptar o intermediário que decide de fato — o contador da empresa, não o empresário. Detalhe operacional transferível para qualquer desenho de incentivo climático dirigido ao setor privado local.",,,,
77,Sociedade Civil,"3.4.2. Finanças: orçamento, financiamento e captação de recursos","Necessidade de Comitê Deliberativo/Consultivo: A criação de um comitê deliberativo ou consultivo é apontada como fundamental para facilitar a gestão do plano e a tomada de decisões, integrando dados e dando continuidade à captação de recursos financeiros.",0.211,ENT-010-ENT-011,00:29:11,1.2.1,Responsabilidades institucionais para implementação climática,inexistente,alta,comite|consultivo|deliberativo|plano,"LACUNA DE GOVERNANÇA, COM PROPOSTA JÁ NA MESA. Não existe instância intersetorial de coordenação climática, ela foi formalmente proposta pela consultoria e não foi constituída — e sua ausência afeta tanto a elaboração do plano quanto a elegibilidade a financiamento. Dimensão «Muito alta»; é a recomendação com maior grau de convergência entre os dois contratos em curso na cidade.",,,,
77,Sociedade Civil,"3.4.2. Finanças: orçamento, financiamento e captação de recursos","Necessidade de Comitê Deliberativo/Consultivo: A criação de um comitê deliberativo ou consultivo é apontada como fundamental para facilitar a gestão do plano e a tomada de decisões, integrando dados e dando continuidade à captação de recursos financeiros.",0.158,ENT-010-ENT-011,00:33:51,1.1.7,Monitoramento e avaliação da adaptação,inexistente,alta,continuidade|gestao|plano,"Avaliação externa de que Maringá produz bons instrumentos e falha na continuidade. Converge com o «plano de gaveta» de ENT-007 e com a divergência de ENT-003 sobre a parceria científica exposta à troca de gestão: o risco da agenda climática local não é a formulação, é a permanência.",,,,
77,Sociedade Civil,"3.4.2. Finanças: orçamento, financiamento e captação de recursos","Necessidade de Comitê Deliberativo/Consultivo: A criação de um comitê deliberativo ou consultivo é apontada como fundamental para facilitar a gestão do plano e a tomada de decisões, integrando dados e dando continuidade à captação de recursos financeiros.",0.105,ENT-005,00:44:12,2.3.3,Diversificação de receitas ambientais/climáticas,efetivo,alta,captacao|gestao,"ACHADO REPLICÁVEL. Existe em Maringá um precedente institucional de estrutura dedicada à captação por renúncia fiscal, criada por indução do poder público e operada fora dele, com resultado comprovado no setor cultural. É o desenho institucional que falta à agenda climática — e a dimensão de diversificação de receitas ambientais, que não recebia evidência de nenhuma pergunta do instrumental, passa a ter lastro empírico.",,,,
78,Sociedade Civil,"3.4.3. Dados, Monitoramento e Planejamento","Dados Descentralizados e Inacessíveis: Não existe um canal centralizado ou de fácil acesso para dados climáticos específicos (registros de queda de árvores, pontos de alagamento). As informações estão descentralizadas entre IAM e IPPLAM, e a falta de comunicação entre secretarias (ex: Obras e Limpeza Pública) exige um esforço extra da sociedade e de consultorias para coletar e processar os dados.",0.2,ENT-014,00:23:08,3.1.1,Sistema municipal de dados climáticos e territoriais,inexistente,alta,acesso|alagamento|climaticos|dados|facil|sociedade,"LACUNA. Não há ponto único de acesso a dado climático para a sociedade, confirmado por profissional que atua em política urbana na cidade. Converge com ENT-004, ENT-009, ENT-010-ENT-011 e ENT-013 — cinco sessões. Dimensão «Muito alta». SESSÃO SEM TCLE.",,,,
78,Sociedade Civil,"3.4.3. Dados, Monitoramento e Planejamento","Dados Descentralizados e Inacessíveis: Não existe um canal centralizado ou de fácil acesso para dados climáticos específicos (registros de queda de árvores, pontos de alagamento). As informações estão descentralizadas entre IAM e IPPLAM, e a falta de comunicação entre secretarias (ex: Obras e Limpeza Pública) exige um esforço extra da sociedade e de consultorias para coletar e processar os dados.",0.133,ENT-010-ENT-011,00:14:52,3.2.3,"Dados de risco, vulnerabilidade e exposição",em_elaboracao,alta,alagamento|dados|pontos|registros,"Existe base de 38 pontos críticos de alagamento, construída pelo cruzamento de registros da defesa civil com indicação do município, distribuídos por toda a cidade. É a base de risco mais concreta identificada no corpus, e nasceu do contrato — não de sistema municipal permanente.",,,,
78,Sociedade Civil,"3.4.3. Dados, Monitoramento e Planejamento","Dados Descentralizados e Inacessíveis: Não existe um canal centralizado ou de fácil acesso para dados climáticos específicos (registros de queda de árvores, pontos de alagamento). As informações estão descentralizadas entre IAM e IPPLAM, e a falta de comunicação entre secretarias (ex: Obras e Limpeza Pública) exige um esforço extra da sociedade e de consultorias para coletar e processar os dados.",0.133,ENT-010-ENT-011,00:23:16,3.1.1,Sistema municipal de dados climáticos e territoriais,inexistente,alta,acesso|climaticos|coletar|dados,"ACHADO ESTRUTURANTE, DE FONTE TÉCNICA EXTERNA. O problema não é ausência de dado, é governança: o que existe está desatualizado ou inacessível, inclusive para o próprio órgão contratante. Reformula a dimensão de sistema municipal de dados — a prioridade é catalogar, atualizar e dar acesso, não coletar de novo. Dimensão «Muito alta».",,,,
79,Sociedade Civil,"3.4.3. Dados, Monitoramento e Planejamento","Foco em Urgências, não em Planejamento: Os dados disponíveis focam em emergências e urgências, e não no planejamento estratégico. Isso dificulta a tomada de decisão informada e a elaboração de projetos estruturados.",0.2,ENT-010-ENT-011,00:34:47,2.1.4,Capacidade de preparar projetos para financiamento,inexistente,alta,disponiveis|estruturados|projetos,"QUARTA CONFIRMAÇÃO DO ACHADO CENTRAL. Consultoria especializada em financiamento climático identifica a ausência de projetos estruturados como barreira número um, com oferta de fundos disponível. Converge com ENT-004, ENT-007 e ENT-008 — quatro fontes independentes, de quatro setores, apontando o mesmo gargalo. Dimensão «Muito alta».",,,,
79,Sociedade Civil,"3.4.3. Dados, Monitoramento e Planejamento","Foco em Urgências, não em Planejamento: Os dados disponíveis focam em emergências e urgências, e não no planejamento estratégico. Isso dificulta a tomada de decisão informada e a elaboração de projetos estruturados.",0.133,ENT-005,00:35:18,3.1.1,Sistema municipal de dados climáticos e territoriais,em_elaboracao,media,dados|planejamento,"OPORTUNIDADE. Há uma proposta em circulação de central integrada de informação de emergência, cruzando município e Estado. Seria o embrião do sistema municipal de dados que o corpus registra como inexistente — e nasce da ponta operacional, não do planejamento.",,,,
79,Sociedade Civil,"3.4.3. Dados, Monitoramento e Planejamento","Foco em Urgências, não em Planejamento: Os dados disponíveis focam em emergências e urgências, e não no planejamento estratégico. Isso dificulta a tomada de decisão informada e a elaboração de projetos estruturados.",0.133,ENT-007,00:18:28,3.2.3,"Dados de risco, vulnerabilidade e exposição",inexistente,alta,dados|planejamento,"PRIORIDADE PROPOSTA. Inventário georreferenciado do estoque arbóreo com classificação de risco, articulado a plano de substituição e a recorte de áreas críticas. É projeto de dado de risco com escopo definido, custo modesto e efeito direto sobre a ocorrência que mais paralisa a cidade — o candidato mais maduro a projeto financiável surgido no corpus.",,,,
80,Sociedade Civil,"3.4.3. Dados, Monitoramento e Planejamento","Dificuldade de Acesso e Transparência: A sociedade civil relata dificuldades constantes no acesso a documentos públicos, processos de licitação e dados sobre crimes ambientais. A transparência sobre ações, políticas e investimentos climáticos é considerada insuficiente.",0.238,ENT-005,00:25:59,2.2.2,Rastreamento de gastos climáticos,em_implementacao,alta,civil|climaticos|licitacao|sociedade|transparencia,"ACHADO. Existe na cidade uma estrutura permanente e financiada de acompanhamento do gasto público, com capacidade demonstrada de impugnar licitação. O rastreamento de gastos — dimensão «Muito alta» sem evidência codificada até aqui — existe na sociedade civil e não na administração: a capacidade está instalada fora do município e não está orientada a marcação climática.",,,,
80,Sociedade Civil,"3.4.3. Dados, Monitoramento e Planejamento","Dificuldade de Acesso e Transparência: A sociedade civil relata dificuldades constantes no acesso a documentos públicos, processos de licitação e dados sobre crimes ambientais. A transparência sobre ações, políticas e investimentos climáticos é considerada insuficiente.",0.238,ENT-014,00:23:08,3.1.1,Sistema municipal de dados climáticos e territoriais,inexistente,alta,acesso|climaticos|dados|sociedade|transparencia,"LACUNA. Não há ponto único de acesso a dado climático para a sociedade, confirmado por profissional que atua em política urbana na cidade. Converge com ENT-004, ENT-009, ENT-010-ENT-011 e ENT-013 — cinco sessões. Dimensão «Muito alta». SESSÃO SEM TCLE.",,,,
80,Sociedade Civil,"3.4.3. Dados, Monitoramento e Planejamento","Dificuldade de Acesso e Transparência: A sociedade civil relata dificuldades constantes no acesso a documentos públicos, processos de licitação e dados sobre crimes ambientais. A transparência sobre ações, políticas e investimentos climáticos é considerada insuficiente.",0.19,ENT-014,00:20:41,4.2.3,"Participação de conselhos, COMDEMA e sociedade civil",inexistente,alta,civil|politicas|publicos|sociedade,"CONVERGÊNCIA DE PROPOSTA. Integração entre política habitacional e agenda climática, com melhoria habitacional e equipamentos públicos nas bordas. Converge com a proposta de ATHIS como instrumento de adaptação de ENT-007 — duas sessões do mesmo setor, independentes, apontando o mesmo desenho. É a recomendação de adaptação com recorte distributivo mais consistente do corpus. SESSÃO SEM TCLE.",,,,
81,Sociedade Civil,"3.4.3. Dados, Monitoramento e Planejamento","Desigualdade de Dados e Vulnerabilidade: Embora a região central tenha maior nível de renda e arborização (menor exposição), zonas de divisa com municípios vizinhos, como Sarandi, apresentam vulnerabilidade social mais acentuada. A falta de dados específicos sobre populações vulneráveis (usando apenas dados do IBGE) é uma limitação para o planejamento.",0.269,ENT-010-ENT-011,00:21:23,3.2.4,Dados socioeconômicos e territoriais para adaptação inclusiva,em_elaboracao,alta,arborizacao|central|dados|exposicao|regiao|renda|vulnerabilidade,"ADVERTÊNCIA METODOLÓGICA. Densidade demográfica isolada aponta o centro como área de risco, e o cruzamento com renda e cobertura arbórea inverte a leitura. Alerta direto contra diagnósticos de vulnerabilidade baseados em variável única — e explica por que o setor censitário «bagunçou» a análise preliminar.",,,,
81,Sociedade Civil,"3.4.3. Dados, Monitoramento e Planejamento","Desigualdade de Dados e Vulnerabilidade: Embora a região central tenha maior nível de renda e arborização (menor exposição), zonas de divisa com municípios vizinhos, como Sarandi, apresentam vulnerabilidade social mais acentuada. A falta de dados específicos sobre populações vulneráveis (usando apenas dados do IBGE) é uma limitação para o planejamento.",0.192,ENT-007,00:06:56,3.2.4,Dados socioeconômicos e territoriais para adaptação inclusiva,inexistente,alta,arborizacao|dados|desigualdade|exposicao|vulnerabilidade,"ACHADO DISTRIBUTIVO. A desigualdade territorial se reproduz na infraestrutura verde: a periferia tem menos arborização e menos manutenção. Consequência dupla — menor sombreamento e conforto térmico onde a vulnerabilidade é maior, e concentração do investimento de manutenção onde ela é menor. Dado de exposição que nenhuma base municipal citada no corpus organiza.",,,,
81,Sociedade Civil,"3.4.3. Dados, Monitoramento e Planejamento","Desigualdade de Dados e Vulnerabilidade: Embora a região central tenha maior nível de renda e arborização (menor exposição), zonas de divisa com municípios vizinhos, como Sarandi, apresentam vulnerabilidade social mais acentuada. A falta de dados específicos sobre populações vulneráveis (usando apenas dados do IBGE) é uma limitação para o planejamento.",0.192,ENT-007,00:18:28,3.2.3,"Dados de risco, vulnerabilidade e exposição",inexistente,alta,arborizacao|dados|exposicao|planejamento|vulnerabilidade,"PRIORIDADE PROPOSTA. Inventário georreferenciado do estoque arbóreo com classificação de risco, articulado a plano de substituição e a recorte de áreas críticas. É projeto de dado de risco com escopo definido, custo modesto e efeito direto sobre a ocorrência que mais paralisa a cidade — o candidato mais maduro a projeto financiável surgido no corpus.",,,,
82,Sociedade Civil,"3.4.3. Dados, Monitoramento e Planejamento","Monitoramento Contínuo como Necessidade: A sociedade civil defende a importância de transitar de uma postura reativa para uma postura proativa e planejada, com monitoramento constante, reconhecendo a responsabilidade dos profissionais diante dos riscos crescentes.",0.158,ENT-005,00:06:29,1.1.5,Avaliação de riscos e vulnerabilidades climáticas,em_implementacao,alta,civil|riscos|sociedade,"Risco prioritário identificado da perspectiva da sociedade civil: vendaval, com interrupção prolongada do serviço de energia. Acrescenta ao par erosão/alagamento registrado no bloco público um terceiro vetor — vento — cujo impacto se dá sobre a rede elétrica aérea, ativo que não é municipal.",,,,
82,Sociedade Civil,"3.4.3. Dados, Monitoramento e Planejamento","Monitoramento Contínuo como Necessidade: A sociedade civil defende a importância de transitar de uma postura reativa para uma postura proativa e planejada, com monitoramento constante, reconhecendo a responsabilidade dos profissionais diante dos riscos crescentes.",0.158,ENT-007,00:06:56,1.1.5,Avaliação de riscos e vulnerabilidades climáticas,em_implementacao,alta,civil|riscos|sociedade,"Segunda confirmação, de outra entidade da sociedade civil, do vendaval como risco prioritário, com magnitude: centenas de árvores por evento. A arborização — principal ativo ambiental e identitário da cidade — é também seu maior vetor de dano em evento extremo.",,,,
82,Sociedade Civil,"3.4.3. Dados, Monitoramento e Planejamento","Monitoramento Contínuo como Necessidade: A sociedade civil defende a importância de transitar de uma postura reativa para uma postura proativa e planejada, com monitoramento constante, reconhecendo a responsabilidade dos profissionais diante dos riscos crescentes.",0.105,ENT-005,00:10:02,2.1.7,Financiamento para riscos e desastres,em_implementacao,alta,civil|riscos,"Avaliação positiva da capacidade de resposta imediata a evento extremo, vinda de fora da administração. Qualifica o achado: o município responde bem ao evento e mal à recuperação — que levou mais de uma semana nos dois casos relatados e dependeu de reforço externo.",,,,
83,Sociedade Civil,3.4.4. Governança e Coordenação,"Gestão Reativa e Emergencial: A prefeitura é criticada por focar em atendimento emergencial (poda corretiva, resposta a quedas de árvores) em vez de ações preventivas. Isso resulta em longas filas de espera por serviços e, como consequência, em podas irregulares clandestinas. A necessidade de transitar de uma postura reativa para uma postura proativa e planejada é um ponto central do discurso da sociedade civil.",0.242,ENT-007,00:12:39,1.2.2,Capacidade institucional para executar ações climáticas,inexistente,alta,acoes|arvores|clandestinas|espera|irregulares|poda|podas|prefeitura,"ACHADO. A insuficiência de capacidade operacional gera efeito perverso mensurável: a fila de poda empurra o morador para a poda clandestina, que danifica a árvore e aumenta o risco de queda. A restrição de capacidade não apenas atrasa o serviço — ela produz o dano que o serviço deveria evitar.",,,,
83,Sociedade Civil,3.4.4. Governança e Coordenação,"Gestão Reativa e Emergencial: A prefeitura é criticada por focar em atendimento emergencial (poda corretiva, resposta a quedas de árvores) em vez de ações preventivas. Isso resulta em longas filas de espera por serviços e, como consequência, em podas irregulares clandestinas. A necessidade de transitar de uma postura reativa para uma postura proativa e planejada é um ponto central do discurso da sociedade civil.",0.121,ENT-007,00:31:20,4.2.3,"Participação de conselhos, COMDEMA e sociedade civil",inexistente,alta,civil|gestao|resposta|sociedade,"DIVERGÊNCIA. Houve oferta formal e documentada de cooperação técnica de entidade profissional ao Executivo, no primeiro mês de gestão, sem resposta. Contradiz a leitura de abertura institucional ao tema — a disposição de cooperar existe do lado da sociedade civil técnica e não encontrou canal de recepção.",,,,
83,Sociedade Civil,3.4.4. Governança e Coordenação,"Gestão Reativa e Emergencial: A prefeitura é criticada por focar em atendimento emergencial (poda corretiva, resposta a quedas de árvores) em vez de ações preventivas. Isso resulta em longas filas de espera por serviços e, como consequência, em podas irregulares clandestinas. A necessidade de transitar de uma postura reativa para uma postura proativa e planejada é um ponto central do discurso da sociedade civil.",0.121,ENT-007,00:50:26,2.4.1,Mobilização de investimento privado em infraestrutura climática,inexistente,alta,acoes|civil|gestao|sociedade,"OPORTUNIDADE. Uso do marco regulatório das organizações da sociedade civil para transferir execução territorial de ações climáticas a associações de bairro — com o exemplo da zeladoria urbana vinculada ao território. Instrumento jurídico já disponível, que converte a densidade associativa da cidade em capacidade de execução sem ampliar quadro público.",,,,
84,Sociedade Civil,3.4.4. Governança e Coordenação,"Instituto Ambiental (IAM) sob Críticas: Há uma crítica contundente à atuação do IAM. A autarquia é acusada de sofrer com indicações políticas, falta de transparência e a inconstitucional dispensa de laudos técnicos (Estudos de Impacto de Vizinhança e Relatório de Impacto Ambiental) para novos empreendimentos. A substituição de profissionais de carreira por aliados políticos é vista como um esvaziamento da capacidade técnica do órgão.",0.156,ENT-014,00:38:44,2.1.4,Capacidade de preparar projetos para financiamento,em_implementacao,alta,capacidade|carreira|instituto|tecnica|tecnicos,"Avaliação de que a capacidade técnica de base existe e está bem dirigida, e de que a conjuntura política é favorável. Diverge da leitura de escassez de ENT-008 e ENT-004 em um ponto importante: a qualificação existe, o que falta é quantidade e alocação. SESSÃO SEM TCLE.",,,,
84,Sociedade Civil,3.4.4. Governança e Coordenação,"Instituto Ambiental (IAM) sob Críticas: Há uma crítica contundente à atuação do IAM. A autarquia é acusada de sofrer com indicações políticas, falta de transparência e a inconstitucional dispensa de laudos técnicos (Estudos de Impacto de Vizinhança e Relatório de Impacto Ambiental) para novos empreendimentos. A substituição de profissionais de carreira por aliados políticos é vista como um esvaziamento da capacidade técnica do órgão.",0.094,ENT-010-ENT-011,00:14:52,1.1.5,Avaliação de riscos e vulnerabilidades climáticas,em_implementacao,alta,ambiental|orgao|tecnica,TRIANGULAÇÃO CONFIRMADA. O mecanismo folha–obstrução–alagamento descrito pela direção do órgão ambiental (ENT-008) é confirmado independentemente pela equipe técnica em campo. Deixa de ser hipótese de um gestor e passa a ser achado do diagnóstico.,,,,
84,Sociedade Civil,3.4.4. Governança e Coordenação,"Instituto Ambiental (IAM) sob Críticas: Há uma crítica contundente à atuação do IAM. A autarquia é acusada de sofrer com indicações políticas, falta de transparência e a inconstitucional dispensa de laudos técnicos (Estudos de Impacto de Vizinhança e Relatório de Impacto Ambiental) para novos empreendimentos. A substituição de profissionais de carreira por aliados políticos é vista como um esvaziamento da capacidade técnica do órgão.",0.094,ENT-010-ENT-011,00:23:16,3.1.1,Sistema municipal de dados climáticos e territoriais,inexistente,alta,ambiental|orgao|tecnica,"ACHADO ESTRUTURANTE, DE FONTE TÉCNICA EXTERNA. O problema não é ausência de dado, é governança: o que existe está desatualizado ou inacessível, inclusive para o próprio órgão contratante. Reformula a dimensão de sistema municipal de dados — a prioridade é catalogar, atualizar e dar acesso, não coletar de novo. Dimensão «Muito alta».",,,,
85,Sociedade Civil,3.4.4. Governança e Coordenação,"Falta de Governança Regional: A ausência de cooperação efetiva entre Maringá e municípios vizinhos (Sarandi, Paiçandu) é apontada como um problema estrutural. O ""mito da melhor cidade para se viver"" afasta Maringá de sua realidade metropolitana, impedindo o reconhecimento de que os impactos climáticos e as vulnerabilidades são compartilhados regionalmente. A Associação dos Municípios do Setentrião Paranaense (AMUSEP) possui estrutura para consórcios (como o SAMU), mas essa potencialidade não é explorada para a cooperação ambiental.",0.237,ENT-007,00:40:41,4.1.4,Coordenação regional/metropolitana com municípios vizinhos,efetivo,alta,associacao|cooperacao|estrutura|governanca|metropolitana|municipios|regional|samu,"ACHADO INSTITUCIONAL. Existe e funciona na região uma associação de municípios com estrutura permanente, reuniões mensais, serviço compartilhado de saúde e — o ponto decisivo — um corpo técnico que elabora projeto para municípios sem quadro próprio. É exatamente o modelo de unidade regional de preparação de projetos que falta à agenda climática, já montado e operando em outro objeto.",,,,
85,Sociedade Civil,3.4.4. Governança e Coordenação,"Falta de Governança Regional: A ausência de cooperação efetiva entre Maringá e municípios vizinhos (Sarandi, Paiçandu) é apontada como um problema estrutural. O ""mito da melhor cidade para se viver"" afasta Maringá de sua realidade metropolitana, impedindo o reconhecimento de que os impactos climáticos e as vulnerabilidades são compartilhados regionalmente. A Associação dos Municípios do Setentrião Paranaense (AMUSEP) possui estrutura para consórcios (como o SAMU), mas essa potencialidade não é explorada para a cooperação ambiental.",0.237,ENT-014,00:31:10,4.1.4,Coordenação regional/metropolitana com municípios vizinhos,inexistente,alta,cidade|cooperacao|maringa|melhor|metropolitana|municipios|regional|viver,"ACHADO CENTRAL SOBRE A ESCALA. O título de melhor cidade para se viver opera como barreira à cooperação regional, porque a distinção em relação aos vizinhos é socialmente valorizada. Nomeia o obstáculo político — e não técnico — à integração metropolitana, e é a leitura mais aguda do corpus sobre por que ela não avança. SESSÃO SEM TCLE.",,,,
85,Sociedade Civil,3.4.4. Governança e Coordenação,"Falta de Governança Regional: A ausência de cooperação efetiva entre Maringá e municípios vizinhos (Sarandi, Paiçandu) é apontada como um problema estrutural. O ""mito da melhor cidade para se viver"" afasta Maringá de sua realidade metropolitana, impedindo o reconhecimento de que os impactos climáticos e as vulnerabilidades são compartilhados regionalmente. A Associação dos Municípios do Setentrião Paranaense (AMUSEP) possui estrutura para consórcios (como o SAMU), mas essa potencialidade não é explorada para a cooperação ambiental.",0.211,ENT-007,00:41:51,4.1.4,Coordenação regional/metropolitana com municípios vizinhos,inexistente,alta,ambiental|associacao|cooperacao|governanca|metropolitana|municipios|regional|vizinhos,LACUNA COM SOLUÇÃO À VISTA. A governança regional existente não tem pauta ambiental nem climática. Converge com ENT-006 (cooperação regional restrita à saúde): incluir o tema na instância que já funciona é caminho mais curto que criar consórcio climático novo.,,,,
86,Sociedade Civil,3.4.4. Governança e Coordenação,"Participação Popular Incipiente: A participação da população em debates climáticos é considerada incipiente. A sociedade civil organizada em Maringá é predominantemente voltada para interesses empresariais, o que dificulta o engajamento de movimentos populares. Mecanismos como o conselho municipal de planejamento territorial não têm um foco específico em emergências climáticas. A interação formal com a sociedade civil é limitada, com audiências públicas previstas apenas para validação de diagnósticos.",0.25,ENT-007,00:26:17,4.2.1,Participação pública na agenda climática,inexistente,alta,civil|maringa|movimentos|organizada|participacao|popular|populares|sociedade,"ACHADO ESTRUTURAL. O capital associativo de Maringá — celebrado em ENT-005 — é de base empresarial, e não há contraparte popular organizada equivalente. Explica por que a participação nos canais formais é assimétrica e por que a agenda climática de recorte distributivo não encontra sujeito que a sustente.",,,,
86,Sociedade Civil,3.4.4. Governança e Coordenação,"Participação Popular Incipiente: A participação da população em debates climáticos é considerada incipiente. A sociedade civil organizada em Maringá é predominantemente voltada para interesses empresariais, o que dificulta o engajamento de movimentos populares. Mecanismos como o conselho municipal de planejamento territorial não têm um foco específico em emergências climáticas. A interação formal com a sociedade civil é limitada, com audiências públicas previstas apenas para validação de diagnósticos.",0.25,ENT-014,00:24:25,4.2.3,"Participação de conselhos, COMDEMA e sociedade civil",inexistente,alta,civil|climaticas|conselho|emergencias|municipal|participacao|planejamento|sociedade,"LACUNA DE INSTÂNCIA, TERCEIRA CONFIRMAÇÃO. Não há fórum dedicado à agenda climática; existem conselhos setoriais que a tangenciam. Converge com a proposta de comitê de ENT-010-ENT-011 e com a de incorporar a pauta ao conselho econômico de ENT-005 — a cidade tem instâncias e nenhuma delas tem o tema. SESSÃO SEM TCLE.",,,,
86,Sociedade Civil,3.4.4. Governança e Coordenação,"Participação Popular Incipiente: A participação da população em debates climáticos é considerada incipiente. A sociedade civil organizada em Maringá é predominantemente voltada para interesses empresariais, o que dificulta o engajamento de movimentos populares. Mecanismos como o conselho municipal de planejamento territorial não têm um foco específico em emergências climáticas. A interação formal com a sociedade civil é limitada, com audiências públicas previstas apenas para validação de diagnósticos.",0.167,ENT-005,00:36:14,3.2.4,Dados socioeconômicos e territoriais para adaptação inclusiva,em_elaboracao,alta,audiencias|municipal|participacao|populacao|publicas|territorial,"O conhecimento territorial fino sobre causas locais de alagamento existe na população e já foi manifestado em audiência pública. É dado de vulnerabilidade disponível e não sistematizado — e liga diretamente resíduo sólido a obstrução de drenagem, nexo que nenhuma base municipal citada registra.",,,,
87,Sociedade Civil,3.4.4. Governança e Coordenação,"Associativismo como Ativo: Apesar das críticas, o forte sistema de associativismo (Associação Comercial, cooperativas, cerca de 2.500 associações) é reconhecido como um grande ativo da cidade. O Conselho de Desenvolvimento Econômico (CODEM), com sua autonomia e verba, é apontado como um espaço que deveria incorporar pautas sociais e ambientais. O Observatório Social é citado como uma entidade eficaz no controle e auditoria das contas públicas.",0.229,ENT-005,00:25:59,2.2.2,Rastreamento de gastos climáticos,em_implementacao,alta,associacao|cidade|comercial|contas|controle|observatorio|publicas|social,"ACHADO. Existe na cidade uma estrutura permanente e financiada de acompanhamento do gasto público, com capacidade demonstrada de impugnar licitação. O rastreamento de gastos — dimensão «Muito alta» sem evidência codificada até aqui — existe na sociedade civil e não na administração: a capacidade está instalada fora do município e não está orientada a marcação climática.",,,,
87,Sociedade Civil,3.4.4. Governança e Coordenação,"Associativismo como Ativo: Apesar das críticas, o forte sistema de associativismo (Associação Comercial, cooperativas, cerca de 2.500 associações) é reconhecido como um grande ativo da cidade. O Conselho de Desenvolvimento Econômico (CODEM), com sua autonomia e verba, é apontado como um espaço que deveria incorporar pautas sociais e ambientais. O Observatório Social é citado como uma entidade eficaz no controle e auditoria das contas públicas.",0.229,ENT-005,00:21:57,4.2.2,Engajamento do setor privado,efetivo,alta,associacao|associativismo|ativo|cidade|comercial|forte|sistema|social,ACHADO POSITIVO. O capital organizacional privado de Maringá é descrito como excepcional e capaz de mobilização rápida quando a pauta lhe interessa. É o principal ativo disponível para mobilizar investimento privado — e hoje não está acionado para clima.,,,,
87,Sociedade Civil,3.4.4. Governança e Coordenação,"Associativismo como Ativo: Apesar das críticas, o forte sistema de associativismo (Associação Comercial, cooperativas, cerca de 2.500 associações) é reconhecido como um grande ativo da cidade. O Conselho de Desenvolvimento Econômico (CODEM), com sua autonomia e verba, é apontado como um espaço que deveria incorporar pautas sociais e ambientais. O Observatório Social é citado como uma entidade eficaz no controle e auditoria das contas públicas.",0.2,ENT-005,00:24:09,4.2.3,"Participação de conselhos, COMDEMA e sociedade civil",inexistente,alta,cidade|conselho|desenvolvimento|economico|espaco|incorporar|social,"ACHADO ESTRUTURANTE. Proposta concreta e já apresentada ao Executivo: em vez de criar instância climática nova, incorporar a pauta ambiental ao conselho que já reúne quem decide o dinheiro na cidade. Inverte a lógica do conselho setorial isolado — cuja fragilidade o próprio participante nomeia — e é a recomendação de arranjo institucional mais acionável do corpus.",,,,
88,Sociedade Civil,3.4.4. Governança e Coordenação,"Papel dos Conselhos de Classe: O Conselho de Arquitetura e Urbanismo (CAU) e o Instituto de Arquitetos do Brasil (IAB) podem atuar como pontes técnicas e de articulação entre o poder público e a sociedade, promovendo debates, patrocinando editais e apoiando projetos de justiça ambiental.",0.28,ENT-014,00:27:44,4.2.3,"Participação de conselhos, COMDEMA e sociedade civil",inexistente,alta,conselho|conselhos|editais|poder|projetos|publico|sociedade,"OFERTA CONCRETA COM INSTRUMENTO. O conselho profissional pode financiar por edital projetos climáticos de terceiros e do próprio poder público, dentro de suas finalidades legais. É fonte de recurso local, já existente e não acionada — e converge com a estratégia de ENT-008 de captar por meio de entidade parceira. SESSÃO SEM TCLE.",,,,
88,Sociedade Civil,3.4.4. Governança e Coordenação,"Papel dos Conselhos de Classe: O Conselho de Arquitetura e Urbanismo (CAU) e o Instituto de Arquitetos do Brasil (IAB) podem atuar como pontes técnicas e de articulação entre o poder público e a sociedade, promovendo debates, patrocinando editais e apoiando projetos de justiça ambiental.",0.24,ENT-007,00:29:55,4.2.3,"Participação de conselhos, COMDEMA e sociedade civil",em_implementacao,media,conselho|conselhos|papel|poder|publico|sociedade,"A entidade se reconhece atuando sobre o poder público e não sobre a população. Delimita realisticamente o que se pode esperar dela: interlocução técnica qualificada, não capilaridade social.",,,,
88,Sociedade Civil,3.4.4. Governança e Coordenação,"Papel dos Conselhos de Classe: O Conselho de Arquitetura e Urbanismo (CAU) e o Instituto de Arquitetos do Brasil (IAB) podem atuar como pontes técnicas e de articulação entre o poder público e a sociedade, promovendo debates, patrocinando editais e apoiando projetos de justiça ambiental.",0.2,ENT-014,00:20:41,4.2.3,"Participação de conselhos, COMDEMA e sociedade civil",inexistente,alta,ambiental|conselhos|instituto|sociedade|urbanismo,"CONVERGÊNCIA DE PROPOSTA. Integração entre política habitacional e agenda climática, com melhoria habitacional e equipamentos públicos nas bordas. Converge com a proposta de ATHIS como instrumento de adaptação de ENT-007 — duas sessões do mesmo setor, independentes, apontando o mesmo desenho. É a recomendação de adaptação com recorte distributivo mais consistente do corpus. SESSÃO SEM TCLE.",,,,
89,Sociedade Civil,3.4.5. Soluções Propostas,"Prioridades: Diagnóstico detalhado da arborização, plano de manejo e substituição, investimento em viveiro municipal, galerias pluviais e poços de infiltração.",0.357,ENT-007,00:18:28,3.2.3,"Dados de risco, vulnerabilidade e exposição",inexistente,alta,arborizacao|diagnostico|manejo|plano|substituicao,"PRIORIDADE PROPOSTA. Inventário georreferenciado do estoque arbóreo com classificação de risco, articulado a plano de substituição e a recorte de áreas críticas. É projeto de dado de risco com escopo definido, custo modesto e efeito direto sobre a ocorrência que mais paralisa a cidade — o candidato mais maduro a projeto financiável surgido no corpus.",,,,
89,Sociedade Civil,3.4.5. Soluções Propostas,"Prioridades: Diagnóstico detalhado da arborização, plano de manejo e substituição, investimento em viveiro municipal, galerias pluviais e poços de infiltração.",0.286,ENT-007,00:06:56,1.1.4,Estratégia de adaptação com metas claras,inexistente,alta,arborizacao|manejo|plano|substituicao,"LACUNA. O plano de arborização histórico definiu o plantio e nunca tratou da substituição do estoque envelhecido. A cidade tem uma política de implantação sem política de manejo — e é o envelhecimento desse estoque, somado ao vento, que produz o risco descrito.",,,,
89,Sociedade Civil,3.4.5. Soluções Propostas,"Prioridades: Diagnóstico detalhado da arborização, plano de manejo e substituição, investimento em viveiro municipal, galerias pluviais e poços de infiltração.",0.286,ENT-007,00:19:46,2.1.5,Estratégia financeira para adaptação e resiliência,inexistente,media,arborizacao|investimento|municipal|viveiro,"Proposta de recuperar o viveiro municipal como ativo de suporte à política de arborização. Investimento de adaptação de baixo custo unitário e efeito prolongado, hoje inexistente na carteira do município — e que responde ao déficit de reposição registrado em ENT-006.",,,,
90,Sociedade Civil,3.4.5. Soluções Propostas,"Reforma no IAM: Reforma na gestão do instituto, aumento da fiscalização e revogação do decreto que dispensa estudos de impacto ambiental. A criação de uma central de inteligência de crise, integrando Defesa Civil, Corpo de Bombeiros e lideranças comunitárias, também é defendida.",0.304,ENT-005,00:35:18,3.1.1,Sistema municipal de dados climáticos e territoriais,em_elaboracao,media,bombeiros|central|civil|corpo|crise|defesa|inteligencia,"OPORTUNIDADE. Há uma proposta em circulação de central integrada de informação de emergência, cruzando município e Estado. Seria o embrião do sistema municipal de dados que o corpus registra como inexistente — e nasce da ponta operacional, não do planejamento.",,,,
90,Sociedade Civil,3.4.5. Soluções Propostas,"Reforma no IAM: Reforma na gestão do instituto, aumento da fiscalização e revogação do decreto que dispensa estudos de impacto ambiental. A criação de uma central de inteligência de crise, integrando Defesa Civil, Corpo de Bombeiros e lideranças comunitárias, também é defendida.",0.174,ENT-005,00:10:02,2.1.7,Financiamento para riscos e desastres,em_implementacao,alta,bombeiros|civil|corpo|defesa,"Avaliação positiva da capacidade de resposta imediata a evento extremo, vinda de fora da administração. Qualifica o achado: o município responde bem ao evento e mal à recuperação — que levou mais de uma semana nos dois casos relatados e dependeu de reforço externo.",,,,
90,Sociedade Civil,3.4.5. Soluções Propostas,"Reforma no IAM: Reforma na gestão do instituto, aumento da fiscalização e revogação do decreto que dispensa estudos de impacto ambiental. A criação de uma central de inteligência de crise, integrando Defesa Civil, Corpo de Bombeiros e lideranças comunitárias, também é defendida.",0.13,ENT-007,00:06:56,1.1.5,Avaliação de riscos e vulnerabilidades climáticas,em_implementacao,alta,ambiental|aumento|civil,"Segunda confirmação, de outra entidade da sociedade civil, do vendaval como risco prioritário, com magnitude: centenas de árvores por evento. A arborização — principal ativo ambiental e identitário da cidade — é também seu maior vetor de dano em evento extremo.",,,,
91,Sociedade Civil,3.4.5. Soluções Propostas,"Educação Ambiental e Comunicação: Implementação da educação ambiental como disciplina obrigatória e comunicação estratégica que alerte a população sobre os riscos reais de desastres, em vez de uma comunicação amenizada.",0.154,ENT-005,00:10:02,2.1.7,Financiamento para riscos e desastres,em_implementacao,alta,desastres|riscos,"Avaliação positiva da capacidade de resposta imediata a evento extremo, vinda de fora da administração. Qualifica o achado: o município responde bem ao evento e mal à recuperação — que levou mais de uma semana nos dois casos relatados e dependeu de reforço externo.",,,,
91,Sociedade Civil,3.4.5. Soluções Propostas,"Educação Ambiental e Comunicação: Implementação da educação ambiental como disciplina obrigatória e comunicação estratégica que alerte a população sobre os riscos reais de desastres, em vez de uma comunicação amenizada.",0.154,ENT-005,00:06:29,2.1.7,Financiamento para riscos e desastres,inexistente,alta,desastres|riscos,A recuperação pós-evento depende de mobilização de equipes de fora do município. Não há capacidade instalada nem contrato de prontidão dimensionado para o evento extremo — o que converge com a realocação de equipes descrita em ENT-004.,,,,
91,Sociedade Civil,3.4.5. Soluções Propostas,"Educação Ambiental e Comunicação: Implementação da educação ambiental como disciplina obrigatória e comunicação estratégica que alerte a população sobre os riscos reais de desastres, em vez de uma comunicação amenizada.",0.154,ENT-007,00:06:56,1.1.5,Avaliação de riscos e vulnerabilidades climáticas,em_implementacao,alta,ambiental|riscos,"Segunda confirmação, de outra entidade da sociedade civil, do vendaval como risco prioritário, com magnitude: centenas de árvores por evento. A arborização — principal ativo ambiental e identitário da cidade — é também seu maior vetor de dano em evento extremo.",,,,
92,Sociedade Civil,3.4.5. Soluções Propostas,"Uso do Associativismo e Soluções Baseadas na Natureza: Aproveitar a vasta rede de associações para capilarizar políticas urbanas. Implementar jardins de chuva, plantio de árvores como quebra-ventos e renaturalização das cidades.",0.15,ENT-005,00:06:29,1.1.5,Avaliação de riscos e vulnerabilidades climáticas,em_implementacao,alta,chuva|rede|ventos,"Risco prioritário identificado da perspectiva da sociedade civil: vendaval, com interrupção prolongada do serviço de energia. Acrescenta ao par erosão/alagamento registrado no bloco público um terceiro vetor — vento — cujo impacto se dá sobre a rede elétrica aérea, ativo que não é municipal.",,,,
92,Sociedade Civil,3.4.5. Soluções Propostas,"Uso do Associativismo e Soluções Baseadas na Natureza: Aproveitar a vasta rede de associações para capilarizar políticas urbanas. Implementar jardins de chuva, plantio de árvores como quebra-ventos e renaturalização das cidades.",0.15,ENT-007,00:06:56,1.1.5,Avaliação de riscos e vulnerabilidades climáticas,em_implementacao,alta,arvores|chuva|ventos,"Segunda confirmação, de outra entidade da sociedade civil, do vendaval como risco prioritário, com magnitude: centenas de árvores por evento. A arborização — principal ativo ambiental e identitário da cidade — é também seu maior vetor de dano em evento extremo.",,,,
92,Sociedade Civil,3.4.5. Soluções Propostas,"Uso do Associativismo e Soluções Baseadas na Natureza: Aproveitar a vasta rede de associações para capilarizar políticas urbanas. Implementar jardins de chuva, plantio de árvores como quebra-ventos e renaturalização das cidades.",0.1,ENT-005,00:11:09,1.1.5,Avaliação de riscos e vulnerabilidades climáticas,em_implementacao,alta,chuva|rede,"Constatação de que a rede de drenagem projetada há décadas deixou de comportar o regime atual de chuva, com dois fatores somados: mudança do padrão pluviométrico e impermeabilização do solo. Converge com a evidência operacional de ENT-004, aqui a partir de observação técnica externa à prefeitura.",,,,
93,Sociedade Civil,3.4.5. Soluções Propostas,"Justiça Ambiental: As políticas públicas devem focar na qualificação habitacional e do espaço público nas bordas da cidade, garantindo que a qualidade de vida seja estendida de forma equitativa às regiões mais periféricas.",0.286,ENT-014,00:20:41,4.2.3,"Participação de conselhos, COMDEMA e sociedade civil",inexistente,alta,ambiental|bordas|forma|habitacional|politicas|publicas,"CONVERGÊNCIA DE PROPOSTA. Integração entre política habitacional e agenda climática, com melhoria habitacional e equipamentos públicos nas bordas. Converge com a proposta de ATHIS como instrumento de adaptação de ENT-007 — duas sessões do mesmo setor, independentes, apontando o mesmo desenho. É a recomendação de adaptação com recorte distributivo mais consistente do corpus. SESSÃO SEM TCLE.",,,,
93,Sociedade Civil,3.4.5. Soluções Propostas,"Justiça Ambiental: As políticas públicas devem focar na qualificação habitacional e do espaço público nas bordas da cidade, garantindo que a qualidade de vida seja estendida de forma equitativa às regiões mais periféricas.",0.238,ENT-014,00:13:07,3.2.4,Dados socioeconômicos e territoriais para adaptação inclusiva,inexistente,alta,bordas|cidade|perifericas|qualidade|regioes,Terceira formulação convergente da desigualdade territorial (com ENT-007 e ENT-009): a qualidade urbana que dá reputação à cidade se concentra na área central. O gradiente centro–borda é o recorte distributivo mais recorrente do corpus. SESSÃO SEM TCLE.,,,,
93,Sociedade Civil,3.4.5. Soluções Propostas,"Justiça Ambiental: As políticas públicas devem focar na qualificação habitacional e do espaço público nas bordas da cidade, garantindo que a qualidade de vida seja estendida de forma equitativa às regiões mais periféricas.",0.143,ENT-005,00:25:59,2.2.2,Rastreamento de gastos climáticos,em_implementacao,alta,cidade|publicas|publico,"ACHADO. Existe na cidade uma estrutura permanente e financiada de acompanhamento do gasto público, com capacidade demonstrada de impugnar licitação. O rastreamento de gastos — dimensão «Muito alta» sem evidência codificada até aqui — existe na sociedade civil e não na administração: a capacidade está instalada fora do município e não está orientada a marcação climática.",,,,
94,Sociedade Civil,3.4.5. Soluções Propostas,"Participação Popular: Defender o uso do orçamento participativo e de canais eficientes de comunicação para envolver a população nas decisões públicas, especialmente em investimentos onerosos, como o rebaixamento da fiação elétrica.",0.167,ENT-005,00:36:14,3.2.4,Dados socioeconômicos e territoriais para adaptação inclusiva,em_elaboracao,alta,participacao|populacao|publicas,"O conhecimento territorial fino sobre causas locais de alagamento existe na população e já foi manifestado em audiência pública. É dado de vulnerabilidade disponível e não sistematizado — e liga diretamente resíduo sólido a obstrução de drenagem, nexo que nenhuma base municipal citada registra.",,,,
94,Sociedade Civil,3.4.5. Soluções Propostas,"Participação Popular: Defender o uso do orçamento participativo e de canais eficientes de comunicação para envolver a população nas decisões públicas, especialmente em investimentos onerosos, como o rebaixamento da fiação elétrica.",0.167,ENT-005,00:41:22,4.2.1,Participação pública na agenda climática,em_implementacao,alta,canais|participacao|populacao,"Diagnóstico da participação: os canais formais são ocupados por interesse setorial concentrado, e o interesse difuso não comparece. Explica por que a agenda climática — de benefício difuso e custo concentrado — perde nas audiências mesmo com apoio majoritário fora delas.",,,,
94,Sociedade Civil,3.4.5. Soluções Propostas,"Participação Popular: Defender o uso do orçamento participativo e de canais eficientes de comunicação para envolver a população nas decisões públicas, especialmente em investimentos onerosos, como o rebaixamento da fiação elétrica.",0.167,ENT-007,00:26:17,4.2.1,Participação pública na agenda climática,inexistente,alta,canais|participacao|popular,"ACHADO ESTRUTURAL. O capital associativo de Maringá — celebrado em ENT-005 — é de base empresarial, e não há contraparte popular organizada equivalente. Explica por que a participação nos canais formais é assimétrica e por que a agenda climática de recorte distributivo não encontra sujeito que a sustente.",,,,
